2020-01-03T11:03:09.996405, 2.9361, 2.9938, 2.9730, -1.0000, 28.70, -1.000, 0.000, 0.000 
2020-01-03T11:03:10.996354, 2.9361, 2.9939, 2.9729, -1.0000, 28.70, -1.000, 0.000, 0.000 
2020-01-03T11:03:11.998313, 2.9359, 2.9938, 2.9732, -1.0000, 28.70, -1.000, 0.000, 0.000 
2020-01-03T11:03:12.996203, 2.9359, 2.9938, 2.9729, -1.0000, 28.70, -1.000, 0.000, 0.000 
2020-01-03T11:03:13.997654, 2.9364, 2.9938, 2.9730, -1.0000, 28.70, -1.000, 0.000, 0.000 
2020-01-03T11:03:14.996697, 2.9358, 2.9937, 2.9730, -1.0000, 28.70, -1.000, 0.000, 0.000 
2020-01-03T11:03:15.997899, 2.9360, 2.9939, 2.9730, -1.0000, 28.70, -1.000, 0.000, 0.000 
2020-01-03T11:03:16.997437, 2.9359, 2.9938, 2.9731, -1.0000, 28.70, -1.000, 0.000, 0.000 
2020-01-03T11:03:17.996267, 2.9359, 2.9939, 2.9731, -1.0000, 28.70, -1.000, 0.000, 0.000 
2020-01-03T11:03:18.996789, 2.9359, 2.9939, 2.9731, -1.0000, 28.70, -1.000, 0.000, 0.000 
2020-01-03T11:03:19.998229, 2.9358, 2.9939, 2.9731, -1.0000, 28.70, -1.000, 0.000, 0.000 
2020-01-03T11:03:20.996579, 2.9355, 2.9938, 2.9729, -1.0000, 28.70, -1.000, 0.000, 0.000 
2020-01-03T11:03:21.998543, 2.9360, 2.9938, 2.9729, -1.0000, 28.70, -1.000, 0.000, 0.000 
2020-01-03T11:03:22.996650, 2.9355, 2.9938, 2.9731, -1.0000, 28.70, -1.000, 0.000, 0.000 
2020-01-03T11:03:23.997182, 2.9353, 2.9938, 2.9729, -1.0000, 28.70, -1.000, 0.000, 0.000 
2020-01-03T11:03:24.998694, 2.9360, 2.9938, 2.9729, -1.0000, 28.70, -1.000, 0.000, 0.000 
2020-01-03T11:03:25.998662, 2.9361, 2.9938, 2.9732, -1.0000, 28.70, -1.000, 0.000, 0.000 
2020-01-03T11:03:26.996715, 2.9358, 2.9938, 2.9731, -1.0000, 28.70, -1.000, 0.000, 0.000 
2020-01-03T11:03:27.996810, 2.9358, 2.9938, 2.9731, -1.0000, 28.70, -1.000, 0.000, 0.000 
2020-01-03T11:03:28.996814, 2.9358, 2.9939, 2.9729, -1.0000, 28.70, -1.000, 0.000, 0.000 
2020-01-03T11:03:29.997961, 2.9355, 2.9938, 2.9731, -1.0000, 28.70, -1.000, 0.000, 0.000 
2020-01-03T11:04:43.001004, 2.9359, 2.9938, 2.9731, -1.0000, 28.70, -1.000, 0.000, 0.000 
2020-01-03T11:04:44.001633, 2.9358, 2.9939, 2.9728, -1.0000, 28.70, -1.000, 0.000, 0.000 
2020-01-03T11:04:45.002559, 2.9361, 2.9938, 2.9732, -1.0000, 28.70, -1.000, 0.000, 0.000 
2020-01-03T11:04:46.000960, 2.9359, 2.9938, 2.9731, -1.0000, 28.70, -1.000, 0.000, 0.000 
2020-01-03T11:04:47.001588, 2.9365, 2.9938, 2.9728, -1.0000, 28.70, -1.000, 0.000, 0.000 
2020-01-03T11:04:48.002245, 2.9364, 2.9938, 2.9729, -1.0000, 28.70, -1.000, 0.000, 0.000 
2020-01-03T11:04:49.002195, 2.9359, 2.9938, 2.9731, -1.0000, 28.70, -1.000, 0.000, 0.000 
2020-01-03T11:06:36.007947, 2.9353, 2.9938, 2.9729, -1.0000, 28.70, -1.000, 0.000, 0.000 
2020-01-03T11:06:37.006187, 2.9386, 2.9938, 2.9732, -1.0000, 28.70, -1.000, 0.000, 0.000 
2020-01-03T11:06:38.006947, 2.9387, 2.9939, 2.9734, -1.0000, 28.70, -1.000, 0.000, 0.000 
2020-01-03T11:06:39.006389, 2.9377, 2.9938, 2.9729, -1.0000, 28.70, -1.000, 0.000, 0.000 
2020-01-03T11:06:40.006115, 2.9372, 2.9939, 2.9731, -1.0000, 28.70, -1.000, 0.000, 0.000 
2020-01-03T11:06:41.006621, 2.9392, 2.9938, 2.9734, -1.0000, 28.70, -1.000, 0.000, 0.000 
2020-01-03T11:06:42.006019, 2.9386, 2.9937, 2.9729, -1.0000, 28.70, -1.000, 0.000, 0.000 
2020-01-03T11:06:43.008236, 2.9377, 2.9939, 2.9735, -1.0000, 28.70, -1.000, 0.000, 0.000 
2020-01-03T11:06:44.006984, 2.9361, 2.9938, 2.9733, -1.0000, 28.70, -1.000, 0.000, 0.000 
2020-01-03T11:06:45.006326, 2.9387, 2.9939, 2.9732, -1.0000, 28.70, -1.000, 0.000, 0.000 
2020-01-03T11:06:46.006555, 2.9371, 2.9938, 2.9729, -1.0000, 28.70, -1.000, 0.000, 0.000 
2020-01-03T11:06:47.007326, 2.9372, 2.9939, 2.9731, -1.0000, 28.70, -1.000, 0.000, 0.000 
2020-01-03T11:06:48.008391, 2.9366, 2.9938, 2.9730, -1.0000, 28.70, -1.000, 0.000, 0.000 
2020-01-03T11:06:49.006967, 2.9367, 2.9937, 2.9731, -1.0000, 28.70, -1.000, 0.000, 0.000 
2020-01-03T11:06:50.006776, 2.9365, 2.9939, 2.9731, -1.0000, 28.70, -1.000, 0.000, 0.000 
2020-01-03T11:06:51.008311, 2.9370, 2.9939, 2.9729, -1.0000, 28.70, -1.000, 0.000, 0.000 
2020-01-03T11:06:52.006893, 2.9374, 2.9939, 2.9733, -1.0000, 28.70, -1.000, 0.000, 0.000 
2020-01-03T11:06:53.006575, 2.9366, 2.9939, 2.9729, -1.0000, 28.70, -1.000, 0.000, 0.000 
2020-01-03T11:06:54.008493, 2.9360, 2.9938, 2.9732, -1.0000, 28.70, -1.000, 0.000, 0.000 
2020-01-03T11:06:55.007983, 2.9371, 2.9939, 2.9733, -1.0000, 28.70, -1.000, 0.000, 0.000 
2020-01-03T11:06:56.007362, 2.9358, 2.9938, 2.9730, -1.0000, 28.70, -1.000, 0.000, 0.000 
2020-01-03T11:06:57.008722, 2.9352, 2.9938, 2.9730, -1.0000, 28.70, -1.000, 0.000, 0.000 
2020-01-03T11:06:58.008150, 2.9358, 2.9938, 2.9730, -1.0000, 28.70, -1.000, 0.000, 0.000 
2020-01-03T11:06:59.008939, 2.9366, 2.9937, 2.9727, -1.0000, 28.70, -1.000, 0.000, 0.000 
2020-01-03T11:07:00.008791, 2.9357, 2.9938, 2.9733, -1.0000, 28.70, -1.000, 0.000, 0.000 
2020-01-03T11:07:01.008952, 2.9361, 2.9938, 2.9729, -1.0000, 28.70, -1.000, 0.000, 0.000 
2020-01-03T11:07:02.009126, 2.9364, 2.9938, 2.9729, -1.0000, 28.70, -1.000, 0.000, 0.000 
2020-01-03T11:07:03.007471, 2.9356, 2.9937, 2.9731, -1.0000, 28.70, -1.000, 0.000, 0.000 
2020-01-03T11:07:04.007453, 2.9388, 2.9938, 2.9730, -1.0000, 28.70, -1.000, 0.000, 0.000 
2020-01-03T11:07:05.007956, 2.9359, 2.9938, 2.9730, -1.0000, 28.70, -1.000, 0.000, 0.000 
2020-01-03T11:07:06.007586, 2.9358, 2.9938, 2.9730, -1.0000, 28.70, -1.000, 0.000, 0.000 
2020-01-03T11:07:07.008394, 2.9358, 2.9938, 2.9731, -1.0000, 28.70, -1.000, 0.000, 0.000 
2020-01-03T11:07:08.007127, 2.9361, 2.9938, 2.9731, -1.0000, 28.70, -1.000, 0.000, 0.000 
2020-01-03T11:07:09.008123, 2.9360, 2.9939, 2.9729, -1.0000, 28.70, -1.000, 0.000, 0.000 
2020-01-03T11:07:10.008558, 2.9356, 2.9938, 2.9731, -1.0000, 28.70, -1.000, 0.000, 0.000 
2020-01-03T11:07:11.008277, 2.9356, 2.9938, 2.9732, -1.0000, 28.70, -1.000, 0.000, 0.000 
2020-01-03T11:07:12.009137, 2.9360, 2.9939, 2.9729, -1.0000, 28.70, -1.000, 0.000, 0.000 
2020-01-03T11:07:13.008595, 2.9354, 2.9938, 2.9730, -1.0000, 28.70, -1.000, 0.000, 0.000 
2020-01-03T11:07:14.009878, 2.9359, 2.9938, 2.9731, -1.0000, 28.70, -1.000, 0.000, 0.000 
2020-01-03T11:07:15.009353, 2.9360, 2.9938, 2.9729, -1.0000, 28.70, -1.000, 0.000, 0.000 
2020-01-03T11:07:16.007977, 2.9358, 2.9937, 2.9731, -1.0000, 28.70, -1.000, 0.000, 0.000 
2020-01-03T11:07:17.007776, 2.9356, 2.9938, 2.9731, -1.0000, 28.70, -1.000, 0.000, 0.000 
2020-01-03T11:07:18.008100, 2.9360, 2.9938, 2.9729, -1.0000, 28.70, -1.000, 0.000, 0.000 
2020-01-03T11:07:19.008107, 2.9356, 2.9938, 2.9730, -1.0000, 28.70, -1.000, 0.000, 0.000 
2020-01-03T11:07:20.008606, 2.9358, 2.9938, 2.9732, -1.0000, 28.70, -1.000, 0.000, 0.000 
2020-01-03T11:07:21.008313, 2.9361, 2.9937, 2.9731, -1.0000, 28.70, -1.000, 0.000, 0.000 
2020-01-03T11:07:22.010020, 2.9360, 2.9938, 2.9729, -1.0000, 28.70, -1.000, 0.000, 0.000 
2020-01-03T11:07:23.008286, 2.9355, 2.9938, 2.9731, -1.0000, 28.70, -1.000, 0.000, 0.000 
2020-01-03T11:07:24.009101, 2.9360, 2.9938, 2.9729, -1.0000, 28.70, -1.000, 0.000, 0.000 
2020-01-03T11:07:25.008289, 2.9361, 2.9937, 2.9729, -1.0000, 28.70, -1.000, 0.000, 0.000 
2020-01-03T11:07:26.009728, 2.9357, 2.9939, 2.9729, -1.0000, 28.70, -1.000, 0.000, 0.000 
2020-01-03T11:07:27.009727, 2.9357, 2.9938, 2.9730, -1.0000, 28.70, -1.000, 0.000, 0.000 
2020-01-03T11:07:28.010161, 2.9358, 2.9938, 2.9729, -1.0000, 28.70, -1.000, 0.000, 0.000 
2020-01-03T11:07:29.009408, 2.9401, 2.9938, 2.9733, -1.0000, 28.70, -1.000, 0.000, 0.000 
2020-01-03T11:07:30.010037, 2.9358, 2.9938, 2.9729, -1.0000, 28.70, -1.000, 0.000, 0.000 
2020-01-03T11:07:31.009009, 2.9360, 2.9938, 2.9729, -1.0000, 28.70, -1.000, 0.000, 0.000 
2020-01-03T11:07:32.012655, 2.9357, 2.9938, 2.9731, -1.0000, 28.70, -1.000, 0.000, 0.000 
2020-01-03T11:07:33.009762, 2.9361, 2.9938, 2.9731, -1.0000, 28.70, -1.000, 0.000, 0.000 
2020-01-03T11:07:34.008530, 2.9358, 2.9939, 2.9730, -1.0000, 28.70, -1.000, 0.000, 0.000 
2020-01-03T11:07:35.009731, 2.9357, 2.9938, 2.9730, -1.0000, 28.70, -1.000, 0.000, 0.000 
2020-01-03T11:07:36.009533, 2.9358, 2.9938, 2.9729, -1.0000, 28.70, -1.000, 0.000, 0.000 
2020-01-03T11:07:37.010158, 2.9357, 2.9938, 2.9730, -1.0000, 28.70, -1.000, 0.000, 0.000 
2020-01-03T11:07:38.009128, 2.9361, 2.9939, 2.9732, -1.0000, 28.70, -1.000, 0.000, 0.000 
2020-01-03T11:07:39.009656, 2.9361, 2.9939, 2.9730, -1.0000, 28.70, -1.000, 0.000, 0.000 
2020-01-03T11:07:40.010557, 2.9352, 2.9937, 2.9731, -1.0000, 28.70, -1.000, 0.000, 0.000 
2020-01-03T11:07:41.008489, 2.9359, 2.9939, 2.9730, -1.0000, 28.70, -1.000, 0.000, 0.000 
2020-01-03T11:07:42.009164, 2.9350, 2.9939, 2.9729, -1.0000, 28.70, -1.000, 0.000, 0.000 
2020-01-03T11:07:43.008768, 2.9357, 2.9939, 2.9729, -1.0000, 28.70, -1.000, 0.000, 0.000 
2020-01-03T11:07:44.010674, 2.9355, 2.9938, 2.9732, -1.0000, 28.70, -1.000, 0.000, 0.000 
2020-01-03T11:07:45.010353, 2.9361, 2.9939, 2.9733, -1.0000, 28.70, -1.000, 0.000, 0.000 
2020-01-03T11:07:46.009173, 2.9360, 2.9939, 2.9730, -1.0000, 28.70, -1.000, 0.000, 0.000 
2020-01-03T11:07:47.009827, 2.9361, 2.9938, 2.9730, -1.0000, 28.70, -1.000, 0.000, 0.000 
2020-01-03T11:07:48.009504, 2.9356, 2.9939, 2.9729, -1.0000, 28.70, -1.000, 0.000, 0.000 
2020-01-03T11:07:49.010408, 2.9352, 2.9938, 2.9732, -1.0000, 28.70, -1.000, 0.000, 0.000 
2020-01-03T11:07:50.010301, 2.9359, 2.9939, 2.9729, -1.0000, 28.70, -1.000, 0.000, 0.000 
2020-01-03T11:07:51.009710, 2.9356, 2.9938, 2.9730, -1.0000, 28.70, -1.000, 0.000, 0.000 
2020-01-03T11:07:52.010781, 2.9360, 2.9939, 2.9730, -1.0000, 28.70, -1.000, 0.000, 0.000 
2020-01-03T11:07:53.009027, 2.9361, 2.9938, 2.9729, -1.0000, 28.70, -1.000, 0.000, 0.000 
2020-01-03T11:07:54.011125, 2.9365, 2.9939, 2.9732, -1.0000, 28.70, -1.000, 0.000, 0.000 
2020-01-03T11:07:55.009049, 2.9361, 2.9938, 2.9731, -1.0000, 28.70, -1.000, 0.000, 0.000 
2020-01-03T11:07:56.009403, 2.9354, 2.9939, 2.9729, -1.0000, 28.70, -1.000, 0.000, 0.000 
2020-01-03T11:07:57.009753, 2.9355, 2.9938, 2.9729, -1.0000, 28.70, -1.000, 0.000, 0.000 
2020-01-03T11:07:58.010187, 2.9358, 2.9938, 2.9731, -1.0000, 28.70, -1.000, 0.000, 0.000 
2020-01-03T11:07:59.011092, 2.9362, 2.9938, 2.9729, -1.0000, 28.70, -1.000, 0.000, 0.000 
2020-01-03T11:08:00.011594, 2.9364, 2.9939, 2.9732, -1.0000, 28.70, -1.000, 0.000, 0.000 
2020-01-03T11:08:01.011780, 2.9354, 2.9939, 2.9730, -1.0000, 28.70, -1.000, 0.000, 0.000 
2020-01-03T11:08:02.010148, 2.9356, 2.9938, 2.9731, -1.0000, 28.70, -1.000, 0.000, 0.000 
2020-01-03T11:08:03.011926, 2.9362, 2.9938, 2.9729, -1.0000, 28.70, -1.000, 0.000, 0.000 
2020-01-03T11:08:04.009802, 2.9358, 2.9937, 2.9733, -1.0000, 28.70, -1.000, 0.000, 0.000 
2020-01-03T11:08:05.011814, 2.9355, 2.9939, 2.9730, -1.0000, 28.70, -1.000, 0.000, 0.000 
2020-01-03T11:08:06.009774, 2.9359, 2.9939, 2.9729, -1.0000, 28.70, -1.000, 0.000, 0.000 
2020-01-03T11:08:07.010331, 2.9365, 2.9938, 2.9731, -1.0000, 28.70, -1.000, 0.000, 0.000 
2020-01-03T11:08:08.010685, 2.9354, 2.9939, 2.9731, -1.0000, 28.70, -1.000, 0.000, 0.000 
2020-01-03T11:08:09.011402, 2.9355, 2.9938, 2.9731, -1.0000, 28.70, -1.000, 0.000, 0.000 
2020-01-03T11:08:10.010012, 2.9360, 2.9938, 2.9729, -1.0000, 28.70, -1.000, 0.000, 0.000 
2020-01-03T11:08:11.012039, 2.9359, 2.9938, 2.9729, -1.0000, 28.70, -1.000, 0.000, 0.000 
2020-01-03T11:08:12.012426, 2.9356, 2.9938, 2.9730, -1.0000, 28.70, -1.000, 0.000, 0.000 
2020-01-03T11:08:13.011126, 2.9360, 2.9938, 2.9731, -1.0000, 28.70, -1.000, 0.000, 0.000 
2020-01-03T11:08:14.010378, 2.9356, 2.9938, 2.9731, -1.0000, 28.70, -1.000, 0.000, 0.000 
2020-01-03T11:08:15.012517, 2.9361, 2.9939, 2.9732, -1.0000, 28.70, -1.000, 0.000, 0.000 
2020-01-03T11:08:16.011808, 2.9370, 2.9938, 2.9730, -1.0000, 28.70, -1.000, 0.000, 0.000 
2020-01-03T11:08:17.011017, 2.9360, 2.9939, 2.9730, -1.0000, 28.70, -1.000, 0.000, 0.000 
2020-01-03T11:08:18.011920, 2.9363, 2.9937, 2.9729, -1.0000, 28.70, -1.000, 0.000, 0.000 
2020-01-03T11:08:19.010623, 2.9362, 2.9938, 2.9729, -1.0000, 28.70, -1.000, 0.000, 0.000 
2020-01-03T11:08:20.011033, 2.9364, 2.9939, 2.9731, -1.0000, 28.70, -1.000, 0.000, 0.000 
2020-01-03T11:08:21.010769, 2.9364, 2.9937, 2.9730, -1.0000, 28.70, -1.000, 0.000, 0.000 
2020-01-03T11:08:22.012206, 2.9359, 2.9938, 2.9732, -1.0000, 28.70, -1.000, 0.000, 0.000 
2020-01-03T11:08:23.011172, 2.9358, 2.9938, 2.9729, -1.0000, 28.70, -1.000, 0.000, 0.000 
2020-01-03T11:08:24.011916, 2.9366, 2.9938, 2.9733, -1.0000, 28.70, -1.000, 0.000, 0.000 
2020-01-03T11:08:25.012784, 2.9371, 2.9938, 2.9730, -1.0000, 28.70, -1.000, 0.000, 0.000 
2020-01-03T11:08:26.010444, 2.9358, 2.9938, 2.9732, -1.0000, 28.70, -1.000, 0.000, 0.000 
2020-01-03T11:08:27.011629, 2.9360, 2.9939, 2.9728, -1.0000, 28.70, -1.000, 0.000, 0.000 
2020-01-03T11:08:28.012826, 2.9357, 2.9938, 2.9731, -1.0000, 28.70, -1.000, 0.000, 0.000 
2020-01-03T11:08:29.012024, 2.9360, 2.9939, 2.9729, -1.0000, 28.70, -1.000, 0.000, 0.000 
2020-01-03T11:08:30.011150, 2.9361, 2.9939, 2.9730, -1.0000, 28.70, -1.000, 0.000, 0.000 
2020-01-03T11:08:31.011364, 2.9366, 2.9939, 2.9729, -1.0000, 28.70, -1.000, 0.000, 0.000 
2020-01-03T11:08:32.011392, 2.9355, 2.9938, 2.9731, -1.0000, 28.70, -1.000, 0.000, 0.000 
2020-01-03T11:08:33.011280, 2.9362, 2.9938, 2.9732, -1.0000, 28.70, -1.000, 0.000, 0.000 
2020-01-03T11:08:34.011416, 2.9355, 2.9938, 2.9729, -1.0000, 28.70, -1.000, 0.000, 0.000 
2020-01-03T11:08:35.011842, 2.9361, 2.9938, 2.9734, -1.0000, 28.70, -1.000, 0.000, 0.000 
2020-01-03T11:08:36.012421, 2.9358, 2.9939, 2.9731, -1.0000, 28.70, -1.000, 0.000, 0.000 
2020-01-03T11:08:37.011795, 2.9359, 2.9938, 2.9732, -1.0000, 28.70, -1.000, 0.000, 0.000 
2020-01-03T11:08:38.012992, 2.9363, 2.9938, 2.9729, -1.0000, 28.70, -1.000, 0.000, 0.000 
2020-01-03T11:08:39.013129, 2.9366, 2.9938, 2.9730, -1.0000, 28.70, -1.000, 0.000, 0.000 
2020-01-03T11:08:40.011954, 2.9356, 2.9938, 2.9730, -1.0000, 28.70, -1.000, 0.000, 0.000 
2020-01-03T11:08:41.012698, 2.9356, 2.9937, 2.9732, -1.0000, 28.70, -1.000, 0.000, 0.000 
2020-01-03T11:08:42.014161, 2.9361, 2.9938, 2.9731, -1.0000, 28.70, -1.000, 0.000, 0.000 
2020-01-03T11:08:43.012845, 2.9361, 2.9938, 2.9729, -1.0000, 28.70, -1.000, 0.000, 0.000 
2020-01-03T11:08:44.013076, 2.9366, 2.9939, 2.9732, -1.0000, 28.70, -1.000, 0.000, 0.000 
2020-01-03T11:08:45.012182, 2.9362, 2.9938, 2.9730, -1.0000, 28.70, -1.000, 0.000, 0.000 
2020-01-03T11:08:46.013254, 2.9361, 2.9938, 2.9731, -1.0000, 28.70, -1.000, 0.000, 0.000 
2020-01-03T11:08:47.013695, 2.9362, 2.9939, 2.9732, -1.0000, 28.70, -1.000, 0.000, 0.000 
2020-01-03T11:08:48.013130, 2.9368, 2.9938, 2.9730, -1.0000, 28.70, -1.000, 0.000, 0.000 
2020-01-03T11:08:49.011564, 2.9362, 2.9938, 2.9731, -1.0000, 28.70, -1.000, 0.000, 0.000 
2020-01-03T11:08:50.011785, 2.9360, 2.9938, 2.9729, -1.0000, 28.70, -1.000, 0.000, 0.000 
2020-01-03T11:08:51.011730, 2.9362, 2.9937, 2.9730, -1.0000, 28.70, -1.000, 0.000, 0.000 
2020-01-03T11:08:52.013368, 2.9364, 2.9938, 2.9730, -1.0000, 28.70, -1.000, 0.000, 0.000 
2020-01-03T11:08:53.013041, 2.9358, 2.9938, 2.9728, -1.0000, 28.70, -1.000, 0.000, 0.000 
2020-01-03T11:08:54.012023, 2.9348, 2.9938, 2.9731, -1.0000, 28.70, -1.000, 0.000, 0.000 
2020-01-03T11:08:55.013495, 2.9361, 2.9938, 2.9730, -1.0000, 28.70, -1.000, 0.000, 0.000 
2020-01-03T11:08:56.013487, 2.9358, 2.9938, 2.9731, -1.0000, 28.70, -1.000, 0.000, 0.000 
2020-01-03T11:08:57.012852, 2.9356, 2.9938, 2.9730, -1.0000, 28.70, -1.000, 0.000, 0.000 
2020-01-03T11:08:58.012132, 2.9358, 2.9938, 2.9730, -1.0000, 28.70, -1.000, 0.000, 0.000 
2020-01-03T11:08:59.011907, 2.9359, 2.9939, 2.9729, -1.0000, 28.70, -1.000, 0.000, 0.000 
2020-01-03T11:09:00.012741, 2.9352, 2.9938, 2.9729, -1.0000, 28.70, -1.000, 0.000, 0.000 
2020-01-03T11:09:01.013802, 2.9358, 2.9938, 2.9729, -1.0000, 28.70, -1.000, 0.000, 0.000 
2020-01-03T11:09:02.024095, 2.9357, 2.9938, 2.9730, -1.0000, 28.70, -1.000, 0.000, 0.000 
2020-01-03T11:09:03.013390, 2.9360, 2.9938, 2.9730, -1.0000, 28.70, -1.000, 0.000, 0.000 
2020-01-03T11:09:04.013806, 2.9354, 2.9939, 2.9730, -1.0000, 28.70, -1.000, 0.000, 0.000 
2020-01-03T11:09:05.012931, 2.9356, 2.9938, 2.9731, -1.0000, 28.70, -1.000, 0.000, 0.000 
2020-01-03T11:09:06.013798, 2.9357, 2.9939, 2.9729, -1.0000, 28.70, -1.000, 0.000, 0.000 
2020-01-03T11:09:07.012625, 2.9353, 2.9939, 2.9730, -1.0000, 28.70, -1.000, 0.000, 0.000 
2020-01-03T11:09:08.014712, 2.9352, 2.9938, 2.9730, -1.0000, 28.70, -1.000, 0.000, 0.000 
2020-01-03T11:09:09.012788, 2.9361, 2.9938, 2.9731, -1.0000, 28.70, -1.000, 0.000, 0.000 
2020-01-03T11:09:10.013610, 2.9353, 2.9938, 2.9728, -1.0000, 28.70, -1.000, 0.000, 0.000 
2020-01-03T11:09:11.013471, 2.9356, 2.9938, 2.9730, -1.0000, 28.70, -1.000, 0.000, 0.000 
2020-01-03T11:09:12.014381, 2.9356, 2.9939, 2.9732, -1.0000, 28.70, -1.000, 0.000, 0.000 
2020-01-03T11:09:13.013406, 2.9358, 2.9938, 2.9729, -1.0000, 28.70, -1.000, 0.000, 0.000 
2020-01-03T11:09:14.014942, 2.9360, 2.9938, 2.9729, -1.0000, 28.70, -1.000, 0.000, 0.000 
2020-01-03T11:09:15.013892, 2.9357, 2.9938, 2.9733, -1.0000, 28.70, -1.000, 0.000, 0.000 
2020-01-03T11:09:16.013572, 2.9361, 2.9939, 2.9731, -1.0000, 28.70, -1.000, 0.000, 0.000 
2020-01-03T11:09:17.014261, 2.9354, 2.9939, 2.9730, -1.0000, 28.70, -1.000, 0.000, 0.000 
2020-01-03T11:09:18.012928, 2.9355, 2.9938, 2.9731, -1.0000, 28.70, -1.000, 0.000, 0.000 
2020-01-03T11:09:19.013702, 2.9359, 2.9938, 2.9732, -1.0000, 28.70, -1.000, 0.000, 0.000 
2020-01-03T11:09:20.015311, 2.9357, 2.9938, 2.9730, -1.0000, 28.70, -1.000, 0.000, 0.000 
2020-01-03T11:09:21.015114, 2.9359, 2.9938, 2.9730, -1.0000, 28.70, -1.000, 0.000, 0.000 
2020-01-03T11:09:22.014551, 2.9361, 2.9939, 2.9732, -1.0000, 28.70, -1.000, 0.000, 0.000 
2020-01-03T11:09:23.013156, 2.9357, 2.9939, 2.9730, -1.0000, 28.70, -1.000, 0.000, 0.000 
2020-01-03T11:09:24.013379, 2.9361, 2.9938, 2.9729, -1.0000, 28.70, -1.000, 0.000, 0.000 
2020-01-03T11:09:25.013186, 2.9358, 2.9939, 2.9730, -1.0000, 28.70, -1.000, 0.000, 0.000 
2020-01-03T11:09:26.014116, 2.9360, 2.9939, 2.9729, -1.0000, 28.70, -1.000, 0.000, 0.000 
2020-01-03T11:09:27.015075, 2.9351, 2.9939, 2.9731, -1.0000, 28.70, -1.000, 0.000, 0.000 
2020-01-03T11:09:28.015119, 2.9356, 2.9938, 2.9733, -1.0000, 28.70, -1.000, 0.000, 0.000 
2020-01-03T11:09:29.014033, 2.9350, 2.9938, 2.9729, -1.0000, 28.70, -1.000, 0.000, 0.000 
2020-01-03T11:09:30.013372, 2.9358, 2.9938, 2.9729, -1.0000, 28.70, -1.000, 0.000, 0.000 
2020-01-03T11:09:31.015677, 2.9359, 2.9938, 2.9730, -1.0000, 28.70, -1.000, 0.000, 0.000 
2020-01-03T11:09:32.014514, 2.9359, 2.9938, 2.9730, -1.0000, 28.70, -1.000, 0.000, 0.000 
2020-01-03T11:09:33.014513, 2.9355, 2.9938, 2.9730, -1.0000, 28.70, -1.000, 0.000, 0.000 
2020-01-03T11:09:34.015017, 2.9356, 2.9938, 2.9729, -1.0000, 28.70, -1.000, 0.000, 0.000 
2020-01-03T11:09:35.014756, 2.9358, 2.9939, 2.9729, -1.0000, 28.70, -1.000, 0.000, 0.000 
2020-01-03T11:09:36.014685, 2.9354, 2.9938, 2.9731, -1.0000, 28.70, -1.000, 0.000, 0.000 
2020-01-03T11:09:37.015941, 2.9360, 2.9938, 2.9731, -1.0000, 28.70, -1.000, 0.000, 0.000 
2020-01-03T11:09:38.014894, 2.9360, 2.9939, 2.9731, -1.0000, 28.70, -1.000, 0.000, 0.000 
2020-01-03T11:09:39.015546, 2.9357, 2.9938, 2.9730, -1.0000, 28.70, -1.000, 0.000, 0.000 
2020-01-03T11:09:40.015232, 2.9356, 2.9938, 2.9730, -1.0000, 28.70, -1.000, 0.000, 0.000 
2020-01-03T11:09:41.015640, 2.9361, 2.9938, 2.9730, -1.0000, 28.70, -1.000, 0.000, 0.000 
2020-01-03T11:09:42.016051, 2.9360, 2.9938, 2.9732, -1.0000, 28.70, -1.000, 0.000, 0.000 
2020-01-03T11:09:43.014695, 2.9359, 2.9937, 2.9731, -1.0000, 28.70, -1.000, 0.000, 0.000 
2020-01-03T11:09:44.014154, 2.9358, 2.9938, 2.9729, -1.0000, 28.70, -1.000, 0.000, 0.000 
2020-01-03T11:09:45.015558, 2.9361, 2.9939, 2.9732, -1.0000, 28.70, -1.000, 0.000, 0.000 
2020-01-03T11:09:46.014702, 2.9361, 2.9939, 2.9729, -1.0000, 28.70, -1.000, 0.000, 0.000 
2020-01-03T11:09:47.015804, 2.9356, 2.9939, 2.9730, -1.0000, 28.70, -1.000, 0.000, 0.000 
2020-01-03T11:09:48.016166, 2.9356, 2.9939, 2.9731, -1.0000, 28.70, -1.000, 0.000, 0.000 
2020-01-03T11:09:49.014197, 2.9354, 2.9939, 2.9730, -1.0000, 28.70, -1.000, 0.000, 0.000 
2020-01-03T11:09:50.016284, 2.9358, 2.9938, 2.9730, -1.0000, 28.70, -1.000, 0.000, 0.000 
2020-01-03T11:09:51.015039, 2.9355, 2.9938, 2.9730, -1.0000, 28.70, -1.000, 0.000, 0.000 
2020-01-03T11:09:52.015295, 2.9358, 2.9937, 2.9730, -1.0000, 28.70, -1.000, 0.000, 0.000 
2020-01-03T11:09:53.014830, 2.9359, 2.9939, 2.9732, -1.0000, 28.70, -1.000, 0.000, 0.000 
2020-01-03T11:09:54.015389, 2.9380, 2.9938, 2.9731, -1.0000, 28.70, -1.000, 0.000, 0.000 
2020-01-03T11:09:55.015253, 2.9363, 2.9938, 2.9730, -1.0000, 28.70, -1.000, 0.000, 0.000 
2020-01-03T11:09:56.015995, 2.9354, 2.9938, 2.9731, -1.0000, 28.70, -1.000, 0.000, 0.000 
2020-01-03T11:09:57.016665, 2.9356, 2.9938, 2.9731, -1.0000, 28.70, -1.000, 0.000, 0.000 
2020-01-03T11:09:58.015045, 2.9358, 2.9938, 2.9730, -1.0000, 28.70, -1.000, 0.000, 0.000 
2020-01-03T11:09:59.015245, 2.9352, 2.9938, 2.9729, -1.0000, 28.70, -1.000, 0.000, 0.000 
2020-01-03T11:10:00.014797, 2.9354, 2.9938, 2.9732, -1.0000, 28.70, -1.000, 0.000, 0.000 
2020-01-03T11:10:01.017066, 2.9358, 2.9938, 2.9729, -1.0000, 28.70, -1.000, 0.000, 0.000 
2020-01-03T11:10:02.024158, 2.9362, 2.9938, 2.9731, -1.0000, 28.70, -1.000, 0.000, 0.000 
2020-01-03T11:10:03.015094, 2.9356, 2.9938, 2.9729, -1.0000, 28.70, -1.000, 0.000, 0.000 
2020-01-03T11:10:04.015892, 2.9357, 2.9939, 2.9730, -1.0000, 28.70, -1.000, 0.000, 0.000 
2020-01-03T11:10:05.015681, 2.9360, 2.9938, 2.9729, -1.0000, 28.70, -1.000, 0.000, 0.000 
2020-01-03T11:10:06.017453, 2.9360, 2.9938, 2.9730, -1.0000, 28.70, -1.000, 0.000, 0.000 
2020-01-03T11:10:07.015239, 2.9356, 2.9938, 2.9728, -1.0000, 28.70, -1.000, 0.000, 0.000 
2020-01-03T11:10:08.016778, 2.9352, 2.9938, 2.9731, -1.0000, 28.70, -1.000, 0.000, 0.000 
2020-01-03T11:10:09.015693, 2.9356, 2.9938, 2.9731, -1.0000, 28.70, -1.000, 0.000, 0.000 
2020-01-03T11:10:10.016686, 2.9350, 2.9937, 2.9730, -1.0000, 28.70, -1.000, 0.000, 0.000 
2020-01-03T11:10:11.017063, 2.9358, 2.9939, 2.9729, -1.0000, 28.70, -1.000, 0.000, 0.000 
2020-01-03T11:10:12.023777, 2.9356, 2.9937, 2.9732, -1.0000, 28.70, -1.000, 0.000, 0.000 
2020-01-03T11:10:13.016690, 2.9360, 2.9938, 2.9729, -1.0000, 28.70, -1.000, 0.000, 0.000 
2020-01-03T11:10:14.017630, 2.9362, 2.9939, 2.9730, -1.0000, 28.70, -1.000, 0.000, 0.000 
2020-01-03T11:10:15.016162, 2.9358, 2.9939, 2.9730, -1.0000, 28.70, -1.000, 0.000, 0.000 
2020-01-03T11:10:16.016071, 2.9357, 2.9938, 2.9732, -1.0000, 28.70, -1.000, 0.000, 0.000 
2020-01-03T11:10:17.016952, 2.9356, 2.9938, 2.9729, -1.0000, 28.70, -1.000, 0.000, 0.000 
2020-01-03T11:10:18.017710, 2.9361, 2.9939, 2.9730, -1.0000, 28.70, -1.000, 0.000, 0.000 
2020-01-03T11:10:19.015854, 2.9385, 2.9938, 2.9734, -1.0000, 28.70, -1.000, 0.000, 0.000 
2020-01-03T11:10:20.015992, 2.9355, 2.9937, 2.9731, -1.0000, 28.70, -1.000, 0.000, 0.000 
2020-01-03T11:10:21.016254, 2.9356, 2.9938, 2.9731, -1.0000, 28.70, -1.000, 0.000, 0.000 
2020-01-03T11:10:22.023473, 2.9358, 2.9938, 2.9732, -1.0000, 28.70, -1.000, 0.000, 0.000 
2020-01-03T11:10:23.017529, 2.9357, 2.9939, 2.9729, -1.0000, 28.70, -1.000, 0.000, 0.000 
2020-01-03T11:10:24.016084, 2.9356, 2.9938, 2.9727, -1.0000, 28.70, -1.000, 0.000, 0.000 
2020-01-03T11:10:25.016799, 2.9360, 2.9939, 2.9729, -1.0000, 28.70, -1.000, 0.000, 0.000 
2020-01-03T11:10:26.018002, 2.9359, 2.9938, 2.9733, -1.0000, 28.70, -1.000, 0.000, 0.000 
2020-01-03T11:10:27.016119, 2.9362, 2.9938, 2.9727, -1.0000, 28.70, -1.000, 0.000, 0.000 
2020-01-03T11:10:28.017667, 2.9359, 2.9939, 2.9729, -1.0000, 28.70, -1.000, 0.000, 0.000 
2020-01-03T11:10:29.016945, 2.9361, 2.9939, 2.9731, -1.0000, 28.70, -1.000, 0.000, 0.000 
2020-01-03T11:10:30.016104, 2.9357, 2.9939, 2.9729, -1.0000, 28.70, -1.000, 0.000, 0.000 
2020-01-03T11:10:31.017596, 2.9361, 2.9938, 2.9731, -1.0000, 28.70, -1.000, 0.000, 0.000 
2020-01-03T11:10:32.024245, 2.9357, 2.9938, 2.9729, -1.0000, 28.70, -1.000, 0.000, 0.000 
2020-01-03T11:10:33.017498, 2.9360, 2.9938, 2.9728, -1.0000, 28.70, -1.000, 0.000, 0.000 
2020-01-03T11:10:34.016689, 2.9356, 2.9938, 2.9731, -1.0000, 28.70, -1.000, 0.000, 0.000 
2020-01-03T11:10:35.016259, 2.9361, 2.9938, 2.9730, -1.0000, 28.70, -1.000, 0.000, 0.000 
2020-01-03T11:10:36.017627, 2.9358, 2.9938, 2.9730, -1.0000, 28.70, -1.000, 0.000, 0.000 
2020-01-03T11:10:37.018186, 2.9356, 2.9938, 2.9729, -1.0000, 28.70, -1.000, 0.000, 0.000 
2020-01-03T11:10:38.017745, 2.9355, 2.9938, 2.9732, -1.0000, 28.70, -1.000, 0.000, 0.000 
2020-01-03T11:10:39.018212, 2.9359, 2.9939, 2.9729, -1.0000, 28.70, -1.000, 0.000, 0.000 
2020-01-03T11:10:40.016491, 2.9360, 2.9938, 2.9730, -1.0000, 28.70, -1.000, 0.000, 0.000 
2020-01-03T11:10:41.016503, 2.9360, 2.9938, 2.9729, -1.0000, 28.70, -1.000, 0.000, 0.000 
2020-01-03T11:10:42.016871, 2.9362, 2.9938, 2.9732, -1.0000, 28.70, -1.000, 0.000, 0.000 
2020-01-03T11:10:43.017964, 2.9360, 2.9938, 2.9729, -1.0000, 28.70, -1.000, 0.000, 0.000 
2020-01-03T11:10:44.017626, 2.9355, 2.9938, 2.9731, -1.0000, 28.70, -1.000, 0.000, 0.000 
2020-01-03T11:10:45.018972, 2.9359, 2.9939, 2.9731, -1.0000, 28.70, -1.000, 0.000, 0.000 
2020-01-03T11:10:46.018502, 2.9360, 2.9938, 2.9731, -1.0000, 28.70, -1.000, 0.000, 0.000 
2020-01-03T11:10:47.018031, 2.9357, 2.9938, 2.9729, -1.0000, 28.70, -1.000, 0.000, 0.000 
2020-01-03T11:10:48.018632, 2.9355, 2.9938, 2.9729, -1.0000, 28.70, -1.000, 0.000, 0.000 
2020-01-03T11:10:49.018884, 2.9371, 2.9938, 2.9730, -1.0000, 28.70, -1.000, 0.000, 0.000 
2020-01-03T11:10:50.016945, 2.9359, 2.9938, 2.9728, -1.0000, 28.70, -1.000, 0.000, 0.000 
2020-01-03T11:10:51.019376, 2.9361, 2.9938, 2.9731, -1.0000, 28.70, -1.000, 0.000, 0.000 
2020-01-03T11:10:52.018738, 2.9356, 2.9938, 2.9729, -1.0000, 28.70, -1.000, 0.000, 0.000 
2020-01-03T11:10:53.019149, 2.9354, 2.9938, 2.9730, -1.0000, 28.70, -1.000, 0.000, 0.000 
2020-01-03T11:10:54.018588, 2.9354, 2.9938, 2.9728, -1.0000, 28.70, -1.000, 0.000, 0.000 
2020-01-03T11:10:55.017383, 2.9356, 2.9938, 2.9730, -1.0000, 28.70, -1.000, 0.000, 0.000 
2020-01-03T11:10:56.018648, 2.9357, 2.9938, 2.9730, -1.0000, 28.70, -1.000, 0.000, 0.000 
2020-01-03T11:10:57.019367, 2.9356, 2.9938, 2.9729, -1.0000, 28.70, -1.000, 0.000, 0.000 
2020-01-03T11:10:58.019198, 2.9362, 2.9938, 2.9729, -1.0000, 28.70, -1.000, 0.000, 0.000 
2020-01-03T11:10:59.019649, 2.9359, 2.9939, 2.9730, -1.0000, 28.70, -1.000, 0.000, 0.000 
2020-01-03T11:11:00.017431, 2.9360, 2.9938, 2.9729, -1.0000, 28.70, -1.000, 0.000, 0.000 
2020-01-03T11:11:01.018702, 2.9355, 2.9938, 2.9730, -1.0000, 28.70, -1.000, 0.000, 0.000 
2020-01-03T11:11:02.018415, 2.9359, 2.9938, 2.9731, -1.0000, 28.70, -1.000, 0.000, 0.000 
2020-01-03T11:11:03.019769, 2.9361, 2.9939, 2.9729, -1.0000, 28.70, -1.000, 0.000, 0.000 
2020-01-03T11:11:04.018899, 2.9358, 2.9938, 2.9732, -1.0000, 28.70, -1.000, 0.000, 0.000 
2020-01-03T11:11:05.018696, 2.9360, 2.9938, 2.9729, -1.0000, 28.70, -1.000, 0.000, 0.000 
2020-01-03T11:11:06.018491, 2.9361, 2.9937, 2.9732, -1.0000, 28.70, -1.000, 0.000, 0.000 
2020-01-03T11:11:07.019083, 2.9356, 2.9938, 2.9727, -1.0000, 28.70, -1.000, 0.000, 0.000 
2020-01-03T11:11:08.017801, 2.9357, 2.9939, 2.9729, -1.0000, 28.70, -1.000, 0.000, 0.000 
2020-01-03T11:11:09.019902, 2.9358, 2.9938, 2.9729, -1.0000, 28.70, -1.000, 0.000, 0.000 
2020-01-03T11:11:10.019979, 2.9360, 2.9938, 2.9730, -1.0000, 28.70, -1.000, 0.000, 0.000 
2020-01-03T11:11:11.018962, 2.9357, 2.9938, 2.9731, -1.0000, 28.70, -1.000, 0.000, 0.000 
2020-01-03T11:11:12.024092, 2.9357, 2.9938, 2.9728, -1.0000, 28.70, -1.000, 0.000, 0.000 
2020-01-03T11:11:13.019957, 2.9363, 2.9938, 2.9730, -1.0000, 28.70, -1.000, 0.000, 0.000 
2020-01-03T11:11:14.018695, 2.9354, 2.9938, 2.9730, -1.0000, 28.70, -1.000, 0.000, 0.000 
2020-01-03T11:11:15.019075, 2.9359, 2.9937, 2.9731, -1.0000, 28.70, -1.000, 0.000, 0.000 
2020-01-03T11:11:16.019949, 2.9361, 2.9938, 2.9733, -1.0000, 28.70, -1.000, 0.000, 0.000 
2020-01-03T11:11:17.019060, 2.9347, 2.9938, 2.9729, -1.0000, 28.70, -1.000, 0.000, 0.000 
2020-01-03T11:11:18.019586, 2.9328, 2.9939, 2.9730, -1.0000, 28.70, -1.000, 0.000, 0.000 
2020-01-03T11:11:19.018361, 2.9337, 2.9938, 2.9727, -1.0000, 28.70, -1.000, 0.000, 0.000 
2020-01-03T11:11:20.018297, 2.9324, 2.9934, 2.9732, -1.0000, 28.70, -1.000, 0.000, 0.000 
2020-01-03T11:11:21.018648, 2.9368, 2.9938, 2.9730, -1.0000, 28.70, -1.000, 0.000, 0.000 
2020-01-03T11:11:22.018617, 2.9361, 2.9938, 2.9730, -1.0000, 28.70, -1.000, 0.000, 0.000 
2020-01-03T11:11:23.018809, 2.9350, 2.9939, 2.9729, -1.0000, 28.70, -1.000, 0.000, 0.000 
2020-01-03T11:11:24.018938, 2.9364, 2.9939, 2.9733, -1.0000, 28.70, -1.000, 0.000, 0.000 
2020-01-03T11:11:25.020364, 2.9321, 2.9939, 2.9729, -1.0000, 28.70, -1.000, 0.000, 0.000 
2020-01-03T11:11:26.019981, 2.9362, 2.9938, 2.9732, -1.0000, 28.70, -1.000, 0.000, 0.000 
2020-01-03T11:11:27.020872, 2.9352, 2.9939, 2.9729, -1.0000, 28.70, -1.000, 0.000, 0.000 
2020-01-03T11:11:28.019312, 2.9368, 2.9938, 2.9733, -1.0000, 28.70, -1.000, 0.000, 0.000 
2020-01-03T11:11:29.018891, 2.9366, 2.9938, 2.9729, -1.0000, 28.70, -1.000, 0.000, 0.000 
2020-01-03T11:11:30.020497, 2.9329, 2.9939, 2.9730, -1.0000, 28.70, -1.000, 0.000, 0.000 
2020-01-03T11:11:31.020470, 2.9343, 2.9938, 2.9731, -1.0000, 28.70, -1.000, 0.000, 0.000 
2020-01-03T11:11:32.020505, 2.9358, 2.9939, 2.9729, -1.0000, 28.70, -1.000, 0.000, 0.000 
2020-01-03T11:11:33.018893, 2.9359, 2.9939, 2.9732, -1.0000, 28.70, -1.000, 0.000, 0.000 
2020-01-03T11:11:34.021335, 2.9359, 2.9937, 2.9729, -1.0000, 28.70, -1.000, 0.000, 0.000 
2020-01-03T11:11:35.019209, 2.9358, 2.9938, 2.9732, -1.0000, 28.70, -1.000, 0.000, 0.000 
2020-01-03T11:11:36.020554, 2.9358, 2.9939, 2.9729, -1.0000, 28.70, -1.000, 0.000, 0.000 
2020-01-03T11:11:37.019115, 2.9359, 2.9938, 2.9731, -1.0000, 28.70, -1.000, 0.000, 0.000 
2020-01-03T11:11:38.019175, 2.9358, 2.9939, 2.9730, -1.0000, 28.70, -1.000, 0.000, 0.000 
2020-01-03T11:11:39.019568, 2.9324, 2.9938, 2.9732, -1.0000, 28.70, -1.000, 0.000, 0.000 
2020-01-03T11:11:40.020485, 2.9350, 2.9939, 2.9733, -1.0000, 28.70, -1.000, 0.000, 0.000 
2020-01-03T11:11:41.019984, 2.9356, 2.9939, 2.9730, -1.0000, 28.70, -1.000, 0.000, 0.000 
2020-01-03T11:11:42.020121, 2.9356, 2.9938, 2.9732, -1.0000, 28.70, -1.000, 0.000, 0.000 
2020-01-03T11:11:43.020731, 2.9355, 2.9938, 2.9729, -1.0000, 28.70, -1.000, 0.000, 0.000 
2020-01-03T11:11:44.021841, 2.9360, 2.9938, 2.9731, -1.0000, 28.70, -1.000, 0.000, 0.000 
2020-01-03T11:11:45.021484, 2.9356, 2.9938, 2.9729, -1.0000, 28.70, -1.000, 0.000, 0.000 
2020-01-03T11:11:46.021928, 2.9358, 2.9937, 2.9732, -1.0000, 28.70, -1.000, 0.000, 0.000 
2020-01-03T11:11:47.019754, 2.9357, 2.9938, 2.9730, -1.0000, 28.70, -1.000, 0.000, 0.000 
2020-01-03T11:11:48.021372, 2.9359, 2.9938, 2.9732, -1.0000, 28.70, -1.000, 0.000, 0.000 
2020-01-03T11:11:49.020147, 2.9360, 2.9938, 2.9729, -1.0000, 28.70, -1.000, 0.000, 0.000 
2020-01-03T11:11:50.021632, 2.9344, 2.9939, 2.9731, -1.0000, 28.70, -1.000, 0.000, 0.000 
2020-01-03T11:11:51.022074, 2.9356, 2.9938, 2.9733, -1.0000, 28.70, -1.000, 0.000, 0.000 
2020-01-03T11:11:52.021420, 2.9354, 2.9938, 2.9731, -1.0000, 28.70, -1.000, 0.000, 0.000 
2020-01-03T11:11:53.022227, 2.9356, 2.9938, 2.9728, -1.0000, 28.70, -1.000, 0.000, 0.000 
2020-01-03T11:11:54.022170, 2.9347, 2.9938, 2.9732, -1.0000, 28.70, -1.000, 0.000, 0.000 
2020-01-03T11:11:55.021767, 2.9371, 2.9938, 2.9733, -1.0000, 28.70, -1.000, 0.000, 0.000 
2020-01-03T11:11:56.021791, 2.9365, 2.9938, 2.9729, -1.0000, 28.70, -1.000, 0.000, 0.000 
2020-01-03T11:11:57.020551, 2.9362, 2.9938, 2.9729, -1.0000, 28.70, -1.000, 0.000, 0.000 
2020-01-03T11:11:58.021842, 2.9380, 2.9938, 2.9733, -1.0000, 28.70, -1.000, 0.000, 0.000 
2020-01-03T11:11:59.022212, 2.9362, 2.9939, 2.9730, -1.0000, 28.70, -1.000, 0.000, 0.000 
2020-01-03T11:12:00.022122, 2.9355, 2.9938, 2.9730, -1.0000, 28.70, -1.000, 0.000, 0.000 
2020-01-03T11:12:01.020889, 2.9361, 2.9938, 2.9730, -1.0000, 28.70, -1.000, 0.000, 0.000 
2020-01-03T11:12:02.020764, 2.9356, 2.9938, 2.9729, -1.0000, 28.70, -1.000, 0.000, 0.000 
2020-01-03T11:12:03.022106, 2.9356, 2.9938, 2.9733, -1.0000, 28.70, -1.000, 0.000, 0.000 
2020-01-03T11:12:04.022331, 2.9350, 2.9938, 2.9730, -1.0000, 28.70, -1.000, 0.000, 0.000 
2020-01-03T11:12:05.020736, 2.9365, 2.9938, 2.9731, -1.0000, 28.70, -1.000, 0.000, 0.000 
2020-01-03T11:12:06.021207, 2.9371, 2.9938, 2.9730, -1.0000, 28.70, -1.000, 0.000, 0.000 
2020-01-03T11:12:07.021821, 2.9354, 2.9939, 2.9730, -1.0000, 28.70, -1.000, 0.000, 0.000 
2020-01-03T11:12:08.022544, 2.9367, 2.9938, 2.9729, -1.0000, 28.70, -1.000, 0.000, 0.000 
2020-01-03T11:12:09.020783, 2.9355, 2.9939, 2.9729, -1.0000, 28.70, -1.000, 0.000, 0.000 
2020-01-03T11:12:10.020858, 2.9361, 2.9938, 2.9731, -1.0000, 28.70, -1.000, 0.000, 0.000 
2020-01-03T11:12:11.022444, 2.9356, 2.9939, 2.9731, -1.0000, 28.70, -1.000, 0.000, 0.000 
2020-01-03T11:12:12.022914, 2.9361, 2.9938, 2.9729, -1.0000, 28.70, -1.000, 0.000, 0.000 
2020-01-03T11:12:13.022418, 2.9361, 2.9938, 2.9731, -1.0000, 28.70, -1.000, 0.000, 0.000 
2020-01-03T11:12:14.022527, 2.9358, 2.9938, 2.9729, -1.0000, 28.70, -1.000, 0.000, 0.000 
2020-01-03T11:12:15.020849, 2.9364, 2.9939, 2.9729, -1.0000, 28.70, -1.000, 0.000, 0.000 
2020-01-03T11:12:16.022275, 2.9356, 2.9938, 2.9729, -1.0000, 28.70, -1.000, 0.000, 0.000 
2020-01-03T11:12:17.022123, 2.9361, 2.9939, 2.9732, -1.0000, 28.70, -1.000, 0.000, 0.000 
2020-01-03T11:12:18.022076, 2.9360, 2.9939, 2.9730, -1.0000, 28.70, -1.000, 0.000, 0.000 
2020-01-03T11:12:19.021175, 2.9363, 2.9939, 2.9733, -1.0000, 28.70, -1.000, 0.000, 0.000 
2020-01-03T11:12:20.021479, 2.9358, 2.9937, 2.9729, -1.0000, 28.70, -1.000, 0.000, 0.000 
2020-01-03T11:12:21.023116, 2.9365, 2.9939, 2.9731, -1.0000, 28.70, -1.000, 0.000, 0.000 
2020-01-03T11:12:22.022266, 2.9360, 2.9938, 2.9731, -1.0000, 28.70, -1.000, 0.000, 0.000 
2020-01-03T11:12:23.022321, 2.9363, 2.9938, 2.9730, -1.0000, 28.70, -1.000, 0.000, 0.000 
2020-01-03T11:12:24.022331, 2.9364, 2.9939, 2.9732, -1.0000, 28.70, -1.000, 0.000, 0.000 
2020-01-03T11:12:25.022057, 2.9349, 2.9938, 2.9729, -1.0000, 28.70, -1.000, 0.000, 0.000 
2020-01-03T11:12:26.023054, 2.9376, 2.9938, 2.9732, -1.0000, 28.70, -1.000, 0.000, 0.000 
2020-01-03T11:12:27.021791, 2.9364, 2.9938, 2.9732, -1.0000, 28.70, -1.000, 0.000, 0.000 
2020-01-03T11:12:28.023371, 2.9359, 2.9938, 2.9727, -1.0000, 28.70, -1.000, 0.000, 0.000 
2020-01-03T11:12:29.023074, 2.9359, 2.9938, 2.9728, -1.0000, 28.70, -1.000, 0.000, 0.000 
2020-01-03T11:12:30.022431, 2.9366, 2.9937, 2.9732, -1.0000, 28.70, -1.000, 0.000, 0.000 
2020-01-03T11:12:31.022544, 2.9355, 2.9938, 2.9730, -1.0000, 28.70, -1.000, 0.000, 0.000 
2020-01-03T11:12:32.022165, 2.9367, 2.9939, 2.9730, -1.0000, 28.70, -1.000, 0.000, 0.000 
2020-01-03T11:12:33.023668, 2.9361, 2.9939, 2.9734, -1.0000, 28.70, -1.000, 0.000, 0.000 
2020-01-03T11:12:34.021882, 2.9369, 2.9939, 2.9732, -1.0000, 28.70, -1.000, 0.000, 0.000 
2020-01-03T11:12:35.022049, 2.9361, 2.9938, 2.9729, -1.0000, 28.70, -1.000, 0.000, 0.000 
2020-01-03T11:12:36.022337, 2.9364, 2.9939, 2.9730, -1.0000, 28.70, -1.000, 0.000, 0.000 
2020-01-03T11:12:37.022164, 2.9368, 2.9938, 2.9730, -1.0000, 28.70, -1.000, 0.000, 0.000 
2020-01-03T11:12:38.022855, 2.9360, 2.9938, 2.9729, -1.0000, 28.70, -1.000, 0.000, 0.000 
2020-01-03T11:12:39.022653, 2.9371, 2.9939, 2.9731, -1.0000, 28.70, -1.000, 0.000, 0.000 
2020-01-03T11:12:40.023829, 2.9387, 2.9938, 2.9730, -1.0000, 28.70, -1.000, 0.000, 0.000 
2020-01-03T11:12:41.024097, 2.9361, 2.9938, 2.9729, -1.0000, 28.70, -1.000, 0.000, 0.000 
2020-01-03T11:12:42.023092, 2.9361, 2.9939, 2.9729, -1.0000, 28.70, -1.000, 0.000, 0.000 
2020-01-03T11:12:43.022382, 2.9365, 2.9939, 2.9731, -1.0000, 28.70, -1.000, 0.000, 0.000 
2020-01-03T11:12:44.021967, 2.9368, 2.9938, 2.9730, -1.0000, 28.70, -1.000, 0.000, 0.000 
2020-01-03T11:12:45.023206, 2.9363, 2.9939, 2.9730, -1.0000, 28.70, -1.000, 0.000, 0.000 
2020-01-03T11:12:46.023199, 2.9358, 2.9939, 2.9729, -1.0000, 28.70, -1.000, 0.000, 0.000 
2020-01-03T11:12:47.024675, 2.9369, 2.9938, 2.9729, -1.0000, 28.70, -1.000, 0.000, 0.000 
2020-01-03T11:12:48.022420, 2.9361, 2.9939, 2.9730, -1.0000, 28.70, -1.000, 0.000, 0.000 
2020-01-03T11:12:49.023297, 2.9364, 2.9939, 2.9734, -1.0000, 28.70, -1.000, 0.000, 0.000 
2020-01-03T11:12:50.024040, 2.9361, 2.9937, 2.9728, -1.0000, 28.70, -1.000, 0.000, 0.000 
2020-01-03T11:12:51.024290, 2.9373, 2.9938, 2.9733, -1.0000, 28.70, -1.000, 0.000, 0.000 
2020-01-03T11:12:52.024307, 2.9372, 2.9938, 2.9731, -1.0000, 28.70, -1.000, 0.000, 0.000 
2020-01-03T11:12:53.023771, 2.9364, 2.9938, 2.9730, -1.0000, 28.70, -1.000, 0.000, 0.000 
2020-01-03T11:12:54.024733, 2.9353, 2.9938, 2.9730, -1.0000, 28.70, -1.000, 0.000, 0.000 
2020-01-03T11:12:55.023617, 2.9366, 2.9938, 2.9727, -1.0000, 28.70, -1.000, 0.000, 0.000 
2020-01-03T11:12:56.024863, 2.9367, 2.9937, 2.9732, -1.0000, 28.70, -1.000, 0.000, 0.000 
2020-01-03T11:12:57.023039, 2.9356, 2.9938, 2.9730, -1.0000, 28.70, -1.000, 0.000, 0.000 
2020-01-03T11:12:58.025070, 2.9362, 2.9939, 2.9729, -1.0000, 28.70, -1.000, 0.000, 0.000 
2020-01-03T11:12:59.025196, 2.9361, 2.9938, 2.9729, -1.0000, 28.70, -1.000, 0.000, 0.000 
2020-01-03T11:13:00.023319, 2.9369, 2.9938, 2.9729, -1.0000, 28.70, -1.000, 0.000, 0.000 
2020-01-03T11:13:01.023344, 2.9399, 2.9938, 2.9731, -1.0000, 28.70, -1.000, 0.000, 0.000 
2020-01-03T11:13:02.023524, 2.9363, 2.9938, 2.9729, -1.0000, 28.70, -1.000, 0.000, 0.000 
2020-01-03T11:13:03.024886, 2.9360, 2.9938, 2.9731, -1.0000, 28.70, -1.000, 0.000, 0.000 
2020-01-03T11:13:04.024671, 2.9364, 2.9939, 2.9731, -1.0000, 28.70, -1.000, 0.000, 0.000 
2020-01-03T11:13:05.024494, 2.9377, 2.9939, 2.9731, -1.0000, 28.70, -1.000, 0.000, 0.000 
2020-01-03T11:13:06.023196, 2.9364, 2.9938, 2.9730, -1.0000, 28.70, -1.000, 0.000, 0.000 
2020-01-03T11:13:07.023720, 2.9355, 2.9939, 2.9729, -1.0000, 28.70, -1.000, 0.000, 0.000 
2020-01-03T11:13:08.024116, 2.9365, 2.9938, 2.9730, -1.0000, 28.70, -1.000, 0.000, 0.000 
2020-01-03T11:13:09.023419, 2.9369, 2.9939, 2.9731, -1.0000, 28.70, -1.000, 0.000, 0.000 
2020-01-03T11:13:10.024040, 2.9361, 2.9938, 2.9730, -1.0000, 28.70, -1.000, 0.000, 0.000 
2020-01-03T11:13:11.024429, 2.9360, 2.9939, 2.9730, -1.0000, 28.70, -1.000, 0.000, 0.000 
2020-01-03T11:13:12.023358, 2.9404, 2.9938, 2.9733, -1.0000, 28.70, -1.000, 0.000, 0.000 
2020-01-03T11:13:13.025170, 2.9388, 2.9938, 2.9734, -1.0000, 28.70, -1.000, 0.000, 0.000 
2020-01-03T11:13:14.024889, 2.9365, 2.9938, 2.9730, -1.0000, 28.70, -1.000, 0.000, 0.000 
2020-01-03T11:13:15.025165, 2.9376, 2.9938, 2.9734, -1.0000, 28.70, -1.000, 0.000, 0.000 
2020-01-03T11:13:16.023651, 2.9375, 2.9939, 2.9731, -1.0000, 28.70, -1.000, 0.000, 0.000 
2020-01-03T11:13:17.025540, 2.9364, 2.9938, 2.9730, -1.0000, 28.70, -1.000, 0.000, 0.000 
2020-01-03T11:13:18.023808, 2.9373, 2.9939, 2.9730, -1.0000, 28.70, -1.000, 0.000, 0.000 
2020-01-03T11:13:19.026081, 2.9384, 2.9938, 2.9732, -1.0000, 28.70, -1.000, 0.000, 0.000 
2020-01-03T11:13:20.025519, 2.9368, 2.9939, 2.9734, -1.0000, 28.70, -1.000, 0.000, 0.000 
2020-01-03T11:13:21.024842, 2.9372, 2.9938, 2.9731, -1.0000, 28.70, -1.000, 0.000, 0.000 
2020-01-03T11:13:22.025234, 2.9366, 2.9939, 2.9730, -1.0000, 28.70, -1.000, 0.000, 0.000 
2020-01-03T11:13:23.024129, 2.9367, 2.9938, 2.9733, -1.0000, 28.70, -1.000, 0.000, 0.000 
2020-01-03T11:13:24.024951, 2.9363, 2.9937, 2.9733, -1.0000, 28.70, -1.000, 0.000, 0.000 
2020-01-03T11:13:25.025079, 2.9352, 2.9939, 2.9730, -1.0000, 28.70, -1.000, 0.000, 0.000 
2020-01-03T11:13:26.025497, 2.9373, 2.9939, 2.9732, -1.0000, 28.70, -1.000, 0.000, 0.000 
2020-01-03T11:13:27.024276, 2.9359, 2.9939, 2.9731, -1.0000, 28.70, -1.000, 0.000, 0.000 
2020-01-03T11:13:28.024990, 2.9371, 2.9938, 2.9732, -1.0000, 28.70, -1.000, 0.000, 0.000 
2020-01-03T11:13:29.025531, 2.9366, 2.9939, 2.9729, -1.0000, 28.70, -1.000, 0.000, 0.000 
2020-01-03T11:13:30.026358, 2.9370, 2.9939, 2.9730, -1.0000, 28.70, -1.000, 0.000, 0.000 
2020-01-03T11:13:31.026159, 2.9367, 2.9939, 2.9729, -1.0000, 28.70, -1.000, 0.000, 0.000 
2020-01-03T11:13:32.024616, 2.9376, 2.9938, 2.9733, -1.0000, 28.70, -1.000, 0.000, 0.000 
2020-01-03T11:13:33.025955, 2.9367, 2.9939, 2.9732, -1.0000, 28.70, -1.000, 0.000, 0.000 
2020-01-03T11:13:34.024804, 2.9368, 2.9938, 2.9731, -1.0000, 28.70, -1.000, 0.000, 0.000 
2020-01-03T11:13:35.026315, 2.9365, 2.9939, 2.9733, -1.0000, 28.70, -1.000, 0.000, 0.000 
2020-01-03T11:13:36.026718, 2.9362, 2.9938, 2.9733, -1.0000, 28.70, -1.000, 0.000, 0.000 
2020-01-03T11:13:37.025426, 2.9370, 2.9938, 2.9731, -1.0000, 28.70, -1.000, 0.000, 0.000 
2020-01-03T11:13:38.025592, 2.9368, 2.9938, 2.9732, -1.0000, 28.70, -1.000, 0.000, 0.000 
2020-01-03T11:13:39.026521, 2.9365, 2.9938, 2.9732, -1.0000, 28.70, -1.000, 0.000, 0.000 
2020-01-03T11:13:40.025194, 2.9371, 2.9938, 2.9734, -1.0000, 28.70, -1.000, 0.000, 0.000 
2020-01-03T11:13:41.024968, 2.9368, 2.9939, 2.9728, -1.0000, 28.70, -1.000, 0.000, 0.000 
2020-01-03T11:13:42.026438, 2.9361, 2.9938, 2.9732, -1.0000, 28.70, -1.000, 0.000, 0.000 
2020-01-03T11:13:43.024939, 2.9366, 2.9939, 2.9731, -1.0000, 28.70, -1.000, 0.000, 0.000 
2020-01-03T11:13:44.025010, 2.9363, 2.9939, 2.9729, -1.0000, 28.70, -1.000, 0.000, 0.000 
2020-01-03T11:13:45.025566, 2.9358, 2.9938, 2.9731, -1.0000, 28.70, -1.000, 0.000, 0.000 
2020-01-03T11:13:46.026103, 2.9366, 2.9938, 2.9729, -1.0000, 28.70, -1.000, 0.000, 0.000 
2020-01-03T11:13:47.026430, 2.9367, 2.9938, 2.9730, -1.0000, 28.70, -1.000, 0.000, 0.000 
2020-01-03T11:13:48.026166, 2.9364, 2.9938, 2.9730, -1.0000, 28.70, -1.000, 0.000, 0.000 
2020-01-03T11:13:49.025249, 2.9369, 2.9937, 2.9729, -1.0000, 28.70, -1.000, 0.000, 0.000 
2020-01-03T11:13:50.026104, 2.9350, 2.9939, 2.9729, -1.0000, 28.70, -1.000, 0.000, 0.000 
2020-01-03T11:13:51.025406, 2.9363, 2.9939, 2.9729, -1.0000, 28.70, -1.000, 0.000, 0.000 
2020-01-03T11:13:52.025621, 2.9385, 2.9937, 2.9731, -1.0000, 28.70, -1.000, 0.000, 0.000 
2020-01-03T11:13:53.026106, 2.9359, 2.9938, 2.9730, -1.0000, 28.70, -1.000, 0.000, 0.000 
2020-01-03T11:13:54.027026, 2.9361, 2.9938, 2.9730, -1.0000, 28.70, -1.000, 0.000, 0.000 
2020-01-03T11:13:55.025483, 2.9367, 2.9938, 2.9732, -1.0000, 28.70, -1.000, 0.000, 0.000 
2020-01-03T11:13:56.025387, 2.9358, 2.9939, 2.9731, -1.0000, 28.70, -1.000, 0.000, 0.000 
2020-01-03T11:13:57.027616, 2.9357, 2.9938, 2.9731, -1.0000, 28.70, -1.000, 0.000, 0.000 
2020-01-03T11:13:58.026361, 2.9360, 2.9937, 2.9728, -1.0000, 28.70, -1.000, 0.000, 0.000 
2020-01-03T11:13:59.026856, 2.9361, 2.9938, 2.9729, -1.0000, 28.70, -1.000, 0.000, 0.000 
2020-01-03T11:14:00.027270, 2.9357, 2.9939, 2.9730, -1.0000, 28.70, -1.000, 0.000, 0.000 
2020-01-03T11:14:01.027503, 2.9361, 2.9938, 2.9732, -1.0000, 28.70, -1.000, 0.000, 0.000 
2020-01-03T11:14:02.026172, 2.9361, 2.9938, 2.9729, -1.0000, 28.70, -1.000, 0.000, 0.000 
2020-01-03T11:14:03.025885, 2.9372, 2.9938, 2.9731, -1.0000, 28.70, -1.000, 0.000, 0.000 
2020-01-03T11:14:04.027789, 2.9359, 2.9938, 2.9731, -1.0000, 28.70, -1.000, 0.000, 0.000 
2020-01-03T11:14:05.026894, 2.9369, 2.9939, 2.9730, -1.0000, 28.70, -1.000, 0.000, 0.000 
2020-01-03T11:14:06.026926, 2.9361, 2.9938, 2.9731, -1.0000, 28.70, -1.000, 0.000, 0.000 
2020-01-03T11:14:07.027195, 2.9361, 2.9938, 2.9729, -1.0000, 28.70, -1.000, 0.000, 0.000 
2020-01-03T11:14:08.027120, 2.9356, 2.9938, 2.9732, -1.0000, 28.70, -1.000, 0.000, 0.000 
2020-01-03T11:14:09.027402, 2.9362, 2.9938, 2.9729, -1.0000, 28.70, -1.000, 0.000, 0.000 
2020-01-03T11:14:10.026716, 2.9359, 2.9938, 2.9731, -1.0000, 28.70, -1.000, 0.000, 0.000 
2020-01-03T11:14:11.028290, 2.9354, 2.9938, 2.9729, -1.0000, 28.70, -1.000, 0.000, 0.000 
2020-01-03T11:14:12.027695, 2.9364, 2.9938, 2.9731, -1.0000, 28.70, -1.000, 0.000, 0.000 
2020-01-03T11:14:13.026454, 2.9364, 2.9938, 2.9732, -1.0000, 28.70, -1.000, 0.000, 0.000 
2020-01-03T11:14:14.026146, 2.9364, 2.9938, 2.9730, -1.0000, 28.70, -1.000, 0.000, 0.000 
2020-01-03T11:14:15.026699, 2.9361, 2.9938, 2.9729, -1.0000, 28.70, -1.000, 0.000, 0.000 
2020-01-03T11:14:16.028037, 2.9354, 2.9938, 2.9729, -1.0000, 28.70, -1.000, 0.000, 0.000 
2020-01-03T11:14:17.027011, 2.9356, 2.9939, 2.9731, -1.0000, 28.70, -1.000, 0.000, 0.000 
2020-01-03T11:14:18.027589, 2.9359, 2.9938, 2.9730, -1.0000, 28.70, -1.000, 0.000, 0.000 
2020-01-03T11:14:19.028803, 2.9364, 2.9939, 2.9729, -1.0000, 28.70, -1.000, 0.000, 0.000 
2020-01-03T11:14:20.027817, 2.9359, 2.9939, 2.9728, -1.0000, 28.70, -1.000, 0.000, 0.000 
2020-01-03T11:14:21.028499, 2.9364, 2.9938, 2.9730, -1.0000, 28.70, -1.000, 0.000, 0.000 
2020-01-03T11:14:22.026803, 2.9364, 2.9938, 2.9732, -1.0000, 28.70, -1.000, 0.000, 0.000 
2020-01-03T11:14:23.027940, 2.9360, 2.9938, 2.9731, -1.0000, 28.70, -1.000, 0.000, 0.000 
2020-01-03T11:14:24.027367, 2.9364, 2.9938, 2.9730, -1.0000, 28.70, -1.000, 0.000, 0.000 
2020-01-03T11:14:25.028571, 2.9359, 2.9938, 2.9731, -1.0000, 28.70, -1.000, 0.000, 0.000 
2020-01-03T11:14:26.026663, 2.9369, 2.9938, 2.9732, -1.0000, 28.70, -1.000, 0.000, 0.000 
2020-01-03T11:14:27.027516, 2.9356, 2.9939, 2.9729, -1.0000, 28.70, -1.000, 0.000, 0.000 
2020-01-03T11:14:28.028345, 2.9363, 2.9938, 2.9727, -1.0000, 28.70, -1.000, 0.000, 0.000 
2020-01-03T11:14:29.027872, 2.9357, 2.9938, 2.9731, -1.0000, 28.70, -1.000, 0.000, 0.000 
2020-01-03T11:14:30.029008, 2.9357, 2.9937, 2.9730, -1.0000, 28.70, -1.000, 0.000, 0.000 
2020-01-03T11:14:31.028214, 2.9360, 2.9938, 2.9730, -1.0000, 28.70, -1.000, 0.000, 0.000 
2020-01-03T11:14:32.027867, 2.9362, 2.9938, 2.9729, -1.0000, 28.70, -1.000, 0.000, 0.000 
2020-01-03T11:14:33.027963, 2.9343, 2.9939, 2.9731, -1.0000, 28.70, -1.000, 0.000, 0.000 
2020-01-03T11:14:34.027846, 2.9359, 2.9940, 2.9731, -1.0000, 28.70, -1.000, 0.000, 0.000 
2020-01-03T11:14:35.029294, 2.9364, 2.9938, 2.9729, -1.0000, 28.70, -1.000, 0.000, 0.000 
2020-01-03T11:14:36.028421, 2.9357, 2.9938, 2.9732, -1.0000, 28.70, -1.000, 0.000, 0.000 
2020-01-03T11:14:37.027226, 2.9350, 2.9938, 2.9729, -1.0000, 28.70, -1.000, 0.000, 0.000 
2020-01-03T11:14:38.027754, 2.9358, 2.9938, 2.9729, -1.0000, 28.70, -1.000, 0.000, 0.000 
2020-01-03T11:14:39.028865, 2.9355, 2.9939, 2.9729, -1.0000, 28.70, -1.000, 0.000, 0.000 
2020-01-03T11:14:40.028165, 2.9364, 2.9938, 2.9729, -1.0000, 28.70, -1.000, 0.000, 0.000 
2020-01-03T11:14:41.028963, 2.9355, 2.9939, 2.9732, -1.0000, 28.70, -1.000, 0.000, 0.000 
2020-01-03T11:14:42.028907, 2.9361, 2.9938, 2.9730, -1.0000, 28.70, -1.000, 0.000, 0.000 
2020-01-03T11:14:43.027904, 2.9356, 2.9939, 2.9728, -1.0000, 28.70, -1.000, 0.000, 0.000 
2020-01-03T11:14:44.029840, 2.9361, 2.9938, 2.9732, -1.0000, 28.70, -1.000, 0.000, 0.000 
2020-01-03T11:14:45.027717, 2.9362, 2.9938, 2.9730, -1.0000, 28.70, -1.000, 0.000, 0.000 
2020-01-03T11:14:46.028769, 2.9359, 2.9939, 2.9730, -1.0000, 28.70, -1.000, 0.000, 0.000 
2020-01-03T11:14:47.028637, 2.9358, 2.9939, 2.9730, -1.0000, 28.70, -1.000, 0.000, 0.000 
2020-01-03T11:14:48.030081, 2.9362, 2.9938, 2.9730, -1.0000, 28.70, -1.000, 0.000, 0.000 
2020-01-03T11:14:49.028296, 2.9354, 2.9938, 2.9729, -1.0000, 28.70, -1.000, 0.000, 0.000 
2020-01-03T11:14:50.028073, 2.9355, 2.9939, 2.9728, -1.0000, 28.70, -1.000, 0.000, 0.000 
2020-01-03T11:14:51.028303, 2.9357, 2.9939, 2.9731, -1.0000, 28.70, -1.000, 0.000, 0.000 
2020-01-03T11:14:52.028091, 2.9358, 2.9938, 2.9730, -1.0000, 28.70, -1.000, 0.000, 0.000 
2020-01-03T11:14:53.028998, 2.9359, 2.9939, 2.9732, -1.0000, 28.70, -1.000, 0.000, 0.000 
2020-01-03T11:14:54.029751, 2.9351, 2.9938, 2.9728, -1.0000, 28.70, -1.000, 0.000, 0.000 
2020-01-03T11:14:55.029911, 2.9372, 2.9938, 2.9730, -1.0000, 28.70, -1.000, 0.000, 0.000 
2020-01-03T11:14:56.030430, 2.9357, 2.9938, 2.9732, -1.0000, 28.70, -1.000, 0.000, 0.000 
2020-01-03T11:14:57.030373, 2.9359, 2.9939, 2.9730, -1.0000, 28.70, -1.000, 0.000, 0.000 
2020-01-03T11:14:58.028536, 2.9355, 2.9938, 2.9733, -1.0000, 28.70, -1.000, 0.000, 0.000 
2020-01-03T11:14:59.028569, 2.9360, 2.9938, 2.9728, -1.0000, 28.70, -1.000, 0.000, 0.000 
2020-01-03T11:15:00.029440, 2.9356, 2.9938, 2.9729, -1.0000, 28.70, -1.000, 0.000, 0.000 
2020-01-03T11:15:01.029505, 2.9362, 2.9938, 2.9729, -1.0000, 28.70, -1.000, 0.000, 0.000 
2020-01-03T11:15:02.028925, 2.9360, 2.9939, 2.9730, -1.0000, 28.70, -1.000, 0.000, 0.000 
2020-01-03T11:15:03.029367, 2.9351, 2.9939, 2.9730, -1.0000, 28.70, -1.000, 0.000, 0.000 
2020-01-03T11:15:04.028636, 2.9361, 2.9939, 2.9731, -1.0000, 28.70, -1.000, 0.000, 0.000 
2020-01-03T11:15:05.030247, 2.9355, 2.9939, 2.9728, -1.0000, 28.70, -1.000, 0.000, 0.000 
2020-01-03T11:15:06.029064, 2.9367, 2.9938, 2.9732, -1.0000, 28.70, -1.000, 0.000, 0.000 
2020-01-03T11:15:07.029385, 2.9361, 2.9938, 2.9729, -1.0000, 28.70, -1.000, 0.000, 0.000 
2020-01-03T11:15:08.030539, 2.9354, 2.9937, 2.9729, -1.0000, 28.70, -1.000, 0.000, 0.000 
2020-01-03T11:15:09.029827, 2.9366, 2.9938, 2.9729, -1.0000, 28.70, -1.000, 0.000, 0.000 
2020-01-03T11:15:10.029044, 2.9361, 2.9938, 2.9732, -1.0000, 28.70, -1.000, 0.000, 0.000 
2020-01-03T11:15:11.029511, 2.9362, 2.9938, 2.9729, -1.0000, 28.70, -1.000, 0.000, 0.000 
2020-01-03T11:15:12.028919, 2.9337, 2.9938, 2.9727, -1.0000, 28.70, -1.000, 0.000, 0.000 
2020-01-03T11:15:13.029331, 2.9372, 2.9938, 2.9730, -1.0000, 28.70, -1.000, 0.000, 0.000 
2020-01-03T11:15:14.029837, 2.9355, 2.9938, 2.9732, -1.0000, 28.70, -1.000, 0.000, 0.000 
2020-01-03T11:15:15.030219, 2.9356, 2.9938, 2.9730, -1.0000, 28.70, -1.000, 0.000, 0.000 
2020-01-03T11:15:16.031422, 2.9362, 2.9938, 2.9734, -1.0000, 28.70, -1.000, 0.000, 0.000 
2020-01-03T11:15:17.030584, 2.9361, 2.9938, 2.9730, -1.0000, 28.70, -1.000, 0.000, 0.000 
2020-01-03T11:15:18.030112, 2.9366, 2.9939, 2.9731, -1.0000, 28.70, -1.000, 0.000, 0.000 
2020-01-03T11:15:19.029241, 2.9356, 2.9939, 2.9733, -1.0000, 28.70, -1.000, 0.000, 0.000 
2020-01-03T11:15:20.031544, 2.9354, 2.9939, 2.9730, -1.0000, 28.70, -1.000, 0.000, 0.000 
2020-01-03T11:15:21.030591, 2.9358, 2.9939, 2.9729, -1.0000, 28.70, -1.000, 0.000, 0.000 
2020-01-03T11:15:22.029455, 2.9358, 2.9938, 2.9729, -1.0000, 28.70, -1.000, 0.000, 0.000 
2020-01-03T11:15:23.029796, 2.9362, 2.9937, 2.9727, -1.0000, 28.70, -1.000, 0.000, 0.000 
2020-01-03T11:15:24.030701, 2.9358, 2.9938, 2.9730, -1.0000, 28.70, -1.000, 0.000, 0.000 
2020-01-03T11:15:25.030192, 2.9357, 2.9938, 2.9729, -1.0000, 28.70, -1.000, 0.000, 0.000 
2020-01-03T11:15:26.030147, 2.9357, 2.9938, 2.9727, -1.0000, 28.70, -1.000, 0.000, 0.000 
2020-01-03T11:15:27.031783, 2.9358, 2.9938, 2.9729, -1.0000, 28.70, -1.000, 0.000, 0.000 
2020-01-03T11:15:28.031097, 2.9357, 2.9939, 2.9728, -1.0000, 28.70, -1.000, 0.000, 0.000 
2020-01-03T11:15:29.031633, 2.9355, 2.9938, 2.9729, -1.0000, 28.70, -1.000, 0.000, 0.000 
2020-01-03T11:15:30.031706, 2.9359, 2.9938, 2.9729, -1.0000, 28.70, -1.000, 0.000, 0.000 
2020-01-03T11:15:31.029946, 2.9355, 2.9939, 2.9729, -1.0000, 28.70, -1.000, 0.000, 0.000 
2020-01-03T11:15:32.030402, 2.9355, 2.9939, 2.9731, -1.0000, 28.70, -1.000, 0.000, 0.000 
2020-01-03T11:15:33.030338, 2.9360, 2.9939, 2.9729, -1.0000, 28.70, -1.000, 0.000, 0.000 
2020-01-03T11:15:34.030662, 2.9354, 2.9938, 2.9731, -1.0000, 28.70, -1.000, 0.000, 0.000 
2020-01-03T11:15:35.031412, 2.9361, 2.9938, 2.9731, -1.0000, 28.70, -1.000, 0.000, 0.000 
2020-01-03T11:15:36.031946, 2.9361, 2.9939, 2.9728, -1.0000, 28.70, -1.000, 0.000, 0.000 
2020-01-03T11:15:37.031878, 2.9354, 2.9938, 2.9730, -1.0000, 28.70, -1.000, 0.000, 0.000 
2020-01-03T11:15:38.030434, 2.9355, 2.9938, 2.9730, -1.0000, 28.70, -1.000, 0.000, 0.000 
2020-01-03T11:15:39.030050, 2.9359, 2.9939, 2.9729, -1.0000, 28.70, -1.000, 0.000, 0.000 
2020-01-03T11:15:40.031865, 2.9351, 2.9939, 2.9727, -1.0000, 28.70, -1.000, 0.000, 0.000 
2020-01-03T11:15:41.031819, 2.9355, 2.9939, 2.9729, -1.0000, 28.70, -1.000, 0.000, 0.000 
2020-01-03T11:15:42.034116, 2.9361, 2.9938, 2.9729, -1.0000, 28.70, -1.000, 0.000, 0.000 
2020-01-03T11:15:43.030943, 2.9355, 2.9938, 2.9729, -1.0000, 28.70, -1.000, 0.000, 0.000 
2020-01-03T11:15:44.032165, 2.9358, 2.9938, 2.9731, -1.0000, 28.70, -1.000, 0.000, 0.000 
2020-01-03T11:15:45.032792, 2.9357, 2.9938, 2.9731, -1.0000, 28.70, -1.000, 0.000, 0.000 
2020-01-03T11:15:46.030597, 2.9365, 2.9938, 2.9728, -1.0000, 28.70, -1.000, 0.000, 0.000 
2020-01-03T11:15:47.032188, 2.9365, 2.9938, 2.9731, -1.0000, 28.70, -1.000, 0.000, 0.000 
2020-01-03T11:15:48.031041, 2.9357, 2.9938, 2.9729, -1.0000, 28.70, -1.000, 0.000, 0.000 
2020-01-03T11:15:49.032279, 2.9356, 2.9939, 2.9730, -1.0000, 28.70, -1.000, 0.000, 0.000 
2020-01-03T11:15:50.031491, 2.9361, 2.9938, 2.9730, -1.0000, 28.70, -1.000, 0.000, 0.000 
2020-01-03T11:15:51.030296, 2.9321, 2.9938, 2.9729, -1.0000, 28.70, -1.000, 0.000, 0.000 
2020-01-03T11:15:52.032621, 2.9362, 2.9939, 2.9728, -1.0000, 28.70, -1.000, 0.000, 0.000 
2020-01-03T11:15:53.032186, 2.9358, 2.9939, 2.9729, -1.0000, 28.70, -1.000, 0.000, 0.000 
2020-01-03T11:15:54.031381, 2.9354, 2.9939, 2.9731, -1.0000, 28.70, -1.000, 0.000, 0.000 
2020-01-03T11:15:55.031394, 2.9361, 2.9938, 2.9730, -1.0000, 28.70, -1.000, 0.000, 0.000 
2020-01-03T11:15:56.032608, 2.9360, 2.9938, 2.9730, -1.0000, 28.70, -1.000, 0.000, 0.000 
2020-01-03T11:15:57.031422, 2.9358, 2.9937, 2.9727, -1.0000, 28.70, -1.000, 0.000, 0.000 
2020-01-03T11:15:58.032768, 2.9365, 2.9938, 2.9738, -1.0000, 28.70, -1.000, 0.000, 0.000 
2020-01-03T11:15:59.032555, 2.9354, 2.9938, 2.9739, -1.0000, 28.70, -1.000, 0.000, 0.000 
2020-01-03T11:16:00.031499, 2.9358, 2.9938, 2.9732, -1.0000, 28.70, -1.000, 0.000, 0.000 
2020-01-03T11:16:01.031431, 2.9357, 2.9938, 2.9728, -1.0000, 28.70, -1.000, 0.000, 0.000 
2020-01-03T11:16:02.031896, 2.9363, 2.9939, 2.9723, -1.0000, 28.70, -1.000, 0.000, 0.000 
2020-01-03T11:16:03.033013, 2.9363, 2.9938, 2.9728, -1.0000, 28.70, -1.000, 0.000, 0.000 
2020-01-03T11:16:04.032216, 2.9353, 2.9938, 2.9727, -1.0000, 28.70, -1.000, 0.000, 0.000 
2020-01-03T11:16:05.033441, 2.9350, 2.9938, 2.9727, -1.0000, 28.70, -1.000, 0.000, 0.000 
2020-01-03T11:16:06.032663, 2.9351, 2.9937, 2.9726, -1.0000, 28.70, -1.000, 0.000, 0.000 
2020-01-03T11:16:07.031899, 2.9362, 2.9939, 2.9731, -1.0000, 28.70, -1.000, 0.000, 0.000 
2020-01-03T11:16:08.032331, 2.9350, 2.9938, 2.9729, -1.0000, 28.70, -1.000, 0.000, 0.000 
2020-01-03T11:16:09.033811, 2.9362, 2.9938, 2.9730, -1.0000, 28.70, -1.000, 0.000, 0.000 
2020-01-03T11:16:10.032724, 2.9361, 2.9938, 2.9734, -1.0000, 28.70, -1.000, 0.000, 0.000 
2020-01-03T11:16:11.032208, 2.9356, 2.9939, 2.9732, -1.0000, 28.70, -1.000, 0.000, 0.000 
2020-01-03T11:16:12.032088, 2.9353, 2.9938, 2.9728, -1.0000, 28.70, -1.000, 0.000, 0.000 
2020-01-03T11:16:13.034315, 2.9359, 2.9938, 2.9730, -1.0000, 28.70, -1.000, 0.000, 0.000 
2020-01-03T11:16:14.032159, 2.9364, 2.9939, 2.9733, -1.0000, 28.70, -1.000, 0.000, 0.000 
2020-01-03T11:16:15.033150, 2.9366, 2.9937, 2.9732, -1.0000, 28.70, -1.000, 0.000, 0.000 
2020-01-03T11:16:16.033213, 2.9357, 2.9938, 2.9730, -1.0000, 28.70, -1.000, 0.000, 0.000 
2020-01-03T11:16:17.034212, 2.9372, 2.9938, 2.9767, -1.0000, 28.70, -1.000, 0.000, 0.000 
2020-01-03T11:16:18.032970, 2.9358, 2.9939, 2.9741, -1.0000, 28.70, -1.000, 0.000, 0.000 
2020-01-03T11:16:19.031977, 2.9346, 2.9938, 2.9732, -1.0000, 28.70, -1.000, 0.000, 0.000 
2020-01-03T11:16:20.033984, 2.9357, 2.9896, 2.9726, -1.0000, 28.70, -1.000, 0.000, 0.000 
2020-01-03T11:16:21.034329, 2.9357, 2.9934, 2.9721, -1.0000, 28.70, -1.000, 0.000, 0.000 
2020-01-03T11:16:22.034093, 2.9361, 2.9939, 2.9721, -1.0000, 28.70, -1.000, 0.000, 0.000 
2020-01-03T11:16:23.033954, 2.9354, 2.9938, 2.9729, -1.0000, 28.70, -1.000, 0.000, 0.000 
2020-01-03T11:16:24.033761, 2.9355, 2.9939, 2.9740, -1.0000, 28.70, -1.000, 0.000, 0.000 
2020-01-03T11:16:25.033288, 2.9349, 2.9938, 2.9730, -1.0000, 28.70, -1.000, 0.000, 0.000 
2020-01-03T11:16:26.032983, 2.9342, 2.9938, 2.9737, -1.0000, 28.70, -1.000, 0.000, 0.000 
2020-01-03T11:16:27.034345, 2.9338, 2.9939, 2.9734, -1.0000, 28.70, -1.000, 0.000, 0.000 
2020-01-03T11:16:28.033048, 2.9341, 2.9938, 2.9729, -1.0000, 28.70, -1.000, 0.000, 0.000 
2020-01-03T11:16:29.034233, 2.9341, 2.9938, 2.9729, -1.0000, 28.70, -1.000, 0.000, 0.000 
2020-01-03T11:16:30.032987, 2.9346, 2.9939, 2.9736, -1.0000, 28.70, -1.000, 0.000, 0.000 
2020-01-03T11:16:31.032747, 2.9339, 2.9939, 2.9736, -1.0000, 28.70, -1.000, 0.000, 0.000 
2020-01-03T11:16:32.033686, 2.9344, 2.9938, 2.9736, -1.0000, 28.70, -1.000, 0.000, 0.000 
2020-01-03T11:16:33.034247, 2.9334, 2.9938, 2.9728, -1.0000, 28.70, -1.000, 0.000, 0.000 
2020-01-03T11:16:34.032689, 2.9339, 2.9939, 2.9730, -1.0000, 28.70, -1.000, 0.000, 0.000 
2020-01-03T11:16:35.032399, 2.9339, 2.9938, 2.9725, -1.0000, 28.70, -1.000, 0.000, 0.000 
2020-01-03T11:16:36.033371, 2.9334, 2.9938, 2.9725, -1.0000, 28.70, -1.000, 0.000, 0.000 
2020-01-03T11:16:37.034033, 2.9330, 2.9938, 2.9726, -1.0000, 28.70, -1.000, 0.000, 0.000 
2020-01-03T11:16:38.034010, 2.9333, 2.9939, 2.9726, -1.0000, 28.70, -1.000, 0.000, 0.000 
2020-01-03T11:16:39.032754, 2.9333, 2.9939, 2.9726, -1.0000, 28.70, -1.000, 0.000, 0.000 
2020-01-03T11:16:40.033578, 2.9326, 2.9938, 2.9727, -1.0000, 28.70, -1.000, 0.000, 0.000 
2020-01-03T11:16:41.033066, 2.9326, 2.9938, 2.9727, -1.0000, 28.70, -1.000, 0.000, 0.000 
2020-01-03T11:16:42.033143, 2.9331, 2.9938, 2.9724, -1.0000, 28.70, -1.000, 0.000, 0.000 
2020-01-03T11:16:43.034559, 2.9333, 2.9938, 2.9728, -1.0000, 28.70, -1.000, 0.000, 0.000 
2020-01-03T11:16:44.034690, 2.9333, 2.9938, 2.9726, -1.0000, 28.70, -1.000, 0.000, 0.000 
2020-01-03T11:16:45.033404, 2.9333, 2.9938, 2.9725, -1.0000, 28.70, -1.000, 0.000, 0.000 
2020-01-03T11:16:46.034830, 2.9332, 2.9939, 2.9725, -1.0000, 28.70, -1.000, 0.000, 0.000 
2020-01-03T11:16:47.035034, 2.9333, 2.9938, 2.9730, -1.0000, 28.70, -1.000, 0.000, 0.000 
2020-01-03T11:16:48.035364, 2.9337, 2.9939, 2.9727, -1.0000, 28.70, -1.000, 0.000, 0.000 
2020-01-03T11:16:49.033672, 2.9334, 2.9938, 2.9725, -1.0000, 28.70, -1.000, 0.000, 0.000 
2020-01-03T11:16:50.034880, 2.9332, 2.9937, 2.9726, -1.0000, 28.70, -1.000, 0.000, 0.000 
2020-01-03T11:16:51.035403, 2.9335, 2.9938, 2.9728, -1.0000, 28.70, -1.000, 0.000, 0.000 
2020-01-03T11:16:52.035003, 2.9333, 2.9938, 2.9724, -1.0000, 28.70, -1.000, 0.000, 0.000 
2020-01-03T11:16:53.033233, 2.9335, 2.9939, 2.9728, -1.0000, 28.70, -1.000, 0.000, 0.000 
2020-01-03T11:16:54.034691, 2.9345, 2.9938, 2.9729, -1.0000, 28.70, -1.000, 0.000, 0.000 
2020-01-03T11:16:55.034195, 2.9339, 2.9938, 2.9725, -1.0000, 28.70, -1.000, 0.000, 0.000 
2020-01-03T11:16:56.034403, 2.9345, 2.9938, 2.9726, -1.0000, 28.70, -1.000, 0.000, 0.000 
2020-01-03T11:16:57.035957, 2.9355, 2.9939, 2.9728, -1.0000, 28.70, -1.000, 0.000, 0.000 
2020-01-03T11:16:58.034355, 2.9339, 2.9938, 2.9726, -1.0000, 28.70, -1.000, 0.000, 0.000 
2020-01-03T11:16:59.036088, 2.9346, 2.9938, 2.9734, -1.0000, 28.70, -1.000, 0.000, 0.000 
2020-01-03T11:17:00.033480, 2.9344, 2.9938, 2.9732, -1.0000, 28.70, -1.000, 0.000, 0.000 
2020-01-03T11:17:01.035749, 2.9346, 2.9938, 2.9729, -1.0000, 28.70, -1.000, 0.000, 0.000 
2020-01-03T11:17:02.033974, 2.9342, 2.9939, 2.9733, -1.0000, 28.70, -1.000, 0.000, 0.000 
2020-01-03T11:17:03.035119, 2.9350, 2.9939, 2.9730, -1.0000, 28.70, -1.000, 0.000, 0.000 
2020-01-03T11:17:04.034660, 2.9341, 2.9939, 2.9729, -1.0000, 28.70, -1.000, 0.000, 0.000 
2020-01-03T11:17:05.034870, 2.9348, 2.9938, 2.9729, -1.0000, 28.70, -1.000, 0.000, 0.000 
2020-01-03T11:17:06.035340, 2.9348, 2.9938, 2.9728, -1.0000, 28.70, -1.000, 0.000, 0.000 
2020-01-03T11:17:07.033999, 2.9348, 2.9938, 2.9728, -1.0000, 28.70, -1.000, 0.000, 0.000 
2020-01-03T11:17:08.035585, 2.9344, 2.9939, 2.9727, -1.0000, 28.70, -1.000, 0.000, 0.000 
2020-01-03T11:17:09.034514, 2.9345, 2.9938, 2.9727, -1.0000, 28.70, -1.000, 0.000, 0.000 
2020-01-03T11:17:10.036628, 2.9347, 2.9938, 2.9727, -1.0000, 28.70, -1.000, 0.000, 0.000 
2020-01-03T11:17:11.035397, 2.9346, 2.9939, 2.9728, -1.0000, 28.70, -1.000, 0.000, 0.000 
2020-01-03T11:17:12.034162, 2.9344, 2.9938, 2.9728, -1.0000, 28.70, -1.000, 0.000, 0.000 
2020-01-03T11:17:13.036451, 2.9347, 2.9938, 2.9729, -1.0000, 28.70, -1.000, 0.000, 0.000 
2020-01-03T11:17:14.036592, 2.9350, 2.9939, 2.9729, -1.0000, 28.70, -1.000, 0.000, 0.000 
2020-01-03T11:17:15.035243, 2.9344, 2.9939, 2.9729, -1.0000, 28.70, -1.000, 0.000, 0.000 
2020-01-03T11:17:16.036564, 2.9347, 2.9938, 2.9728, -1.0000, 28.70, -1.000, 0.000, 0.000 
2020-01-03T11:17:17.034970, 2.9341, 2.9938, 2.9727, -1.0000, 28.70, -1.000, 0.000, 0.000 
2020-01-03T11:17:18.034923, 2.9350, 2.9938, 2.9727, -1.0000, 28.70, -1.000, 0.000, 0.000 
2020-01-03T11:17:19.035165, 2.9351, 2.9939, 2.9730, -1.0000, 28.70, -1.000, 0.000, 0.000 
2020-01-03T11:17:20.035994, 2.9352, 2.9939, 2.9728, -1.0000, 28.70, -1.000, 0.000, 0.000 
2020-01-03T11:17:21.034534, 2.9344, 2.9939, 2.9729, -1.0000, 28.70, -1.000, 0.000, 0.000 
2020-01-03T11:17:22.036870, 2.9355, 2.9938, 2.9729, -1.0000, 28.70, -1.000, 0.000, 0.000 
2020-01-03T11:17:23.035457, 2.9350, 2.9939, 2.9728, -1.0000, 28.70, -1.000, 0.000, 0.000 
2020-01-03T11:17:24.035159, 2.9355, 2.9938, 2.9728, -1.0000, 28.70, -1.000, 0.000, 0.000 
2020-01-03T11:17:25.036308, 2.9355, 2.9938, 2.9731, -1.0000, 28.70, -1.000, 0.000, 0.000 
2020-01-03T11:17:26.037420, 2.9355, 2.9938, 2.9728, -1.0000, 28.70, -1.000, 0.000, 0.000 
2020-01-03T11:17:27.035464, 2.9357, 2.9939, 2.9729, -1.0000, 28.70, -1.000, 0.000, 0.000 
2020-01-03T11:17:28.035376, 2.9353, 2.9938, 2.9730, -1.0000, 28.70, -1.000, 0.000, 0.000 
2020-01-03T11:17:29.035940, 2.9356, 2.9938, 2.9730, -1.0000, 28.70, -1.000, 0.000, 0.000 
2020-01-03T11:17:30.035204, 2.9353, 2.9939, 2.9728, -1.0000, 28.70, -1.000, 0.000, 0.000 
2020-01-03T11:17:31.035817, 2.9355, 2.9938, 2.9730, -1.0000, 28.70, -1.000, 0.000, 0.000 
2020-01-03T11:17:32.036912, 2.9355, 2.9939, 2.9730, -1.0000, 28.70, -1.000, 0.000, 0.000 
2020-01-03T11:17:33.035448, 2.9356, 2.9937, 2.9730, -1.0000, 28.70, -1.000, 0.000, 0.000 
2020-01-03T11:17:34.036344, 2.9355, 2.9939, 2.9729, -1.0000, 28.70, -1.000, 0.000, 0.000 
2020-01-03T11:17:35.036815, 2.9360, 2.9937, 2.9752, -1.0000, 28.70, -1.000, 0.000, 0.000 
2020-01-03T11:17:36.036999, 2.9350, 2.9939, 2.9735, -1.0000, 28.70, -1.000, 0.000, 0.000 
2020-01-03T11:17:37.037054, 2.9351, 2.9938, 2.9727, -1.0000, 28.70, -1.000, 0.000, 0.000 
2020-01-03T11:17:38.036420, 2.9348, 2.9932, 2.9718, -1.0000, 28.70, -1.000, 0.000, 0.000 
2020-01-03T11:17:39.037644, 2.9333, 2.9915, 2.9720, -1.0000, 28.70, -1.000, 0.000, 0.000 
2020-01-03T11:17:40.035838, 2.9354, 2.9938, 2.9725, -1.0000, 28.70, -1.000, 0.000, 0.000 
2020-01-03T11:17:41.036171, 2.9362, 2.9938, 2.9730, -1.0000, 28.70, -1.000, 0.000, 0.000 
2020-01-03T11:17:42.036764, 2.9352, 2.9939, 2.9730, -1.0000, 28.70, -1.000, 0.000, 0.000 
2020-01-03T11:17:43.037653, 2.9359, 2.9938, 2.9725, -1.0000, 28.70, -1.000, 0.000, 0.000 
2020-01-03T11:17:44.036034, 2.9350, 2.9938, 2.9739, -1.0000, 28.70, -1.000, 0.000, 0.000 
2020-01-03T11:17:45.037484, 2.9352, 2.9938, 2.9747, -1.0000, 28.70, -1.000, 0.000, 0.000 
2020-01-03T11:17:46.036487, 2.9354, 2.9938, 2.9748, -1.0000, 28.70, -1.000, 0.000, 0.000 
2020-01-03T11:17:47.038001, 2.9355, 2.9939, 2.9739, -1.0000, 28.70, -1.000, 0.000, 0.000 
2020-01-03T11:17:48.036668, 2.9354, 2.9939, 2.9739, -1.0000, 28.70, -1.000, 0.000, 0.000 
2020-01-03T11:17:49.036667, 2.9349, 2.9938, 2.9735, -1.0000, 28.70, -1.000, 0.000, 0.000 
2020-01-03T11:17:50.037126, 2.9348, 2.9938, 2.9734, -1.0000, 28.70, -1.000, 0.000, 0.000 
2020-01-03T11:17:51.037296, 2.9352, 2.9939, 2.9734, -1.0000, 28.70, -1.000, 0.000, 0.000 
2020-01-03T11:17:52.036877, 2.9353, 2.9937, 2.9732, -1.0000, 28.70, -1.000, 0.000, 0.000 
2020-01-03T11:17:53.038052, 2.9348, 2.9938, 2.9740, -1.0000, 28.70, -1.000, 0.000, 0.000 
2020-01-03T11:17:54.037646, 2.9339, 2.9938, 2.9734, -1.0000, 28.70, -1.000, 0.000, 0.000 
2020-01-03T11:17:55.036929, 2.9345, 2.9939, 2.9727, -1.0000, 28.70, -1.000, 0.000, 0.000 
2020-01-03T11:17:56.038590, 2.9342, 2.9939, 2.9729, -1.0000, 28.70, -1.000, 0.000, 0.000 
2020-01-03T11:17:57.038609, 2.9336, 2.9938, 2.9726, -1.0000, 28.70, -1.000, 0.000, 0.000 
2020-01-03T11:17:58.037902, 2.9336, 2.9939, 2.9728, -1.0000, 28.70, -1.000, 0.000, 0.000 
2020-01-03T11:17:59.038219, 2.9336, 2.9938, 2.9734, -1.0000, 28.70, -1.000, 0.000, 0.000 
2020-01-03T11:18:00.038707, 2.9335, 2.9939, 2.9731, -1.0000, 28.70, -1.000, 0.000, 0.000 
2020-01-03T11:18:01.038698, 2.9334, 2.9937, 2.9734, -1.0000, 28.70, -1.000, 0.000, 0.000 
2020-01-03T11:18:02.037125, 2.9337, 2.9938, 2.9736, -1.0000, 28.70, -1.000, 0.000, 0.000 
2020-01-03T11:18:03.037396, 2.9335, 2.9938, 2.9738, -1.0000, 28.70, -1.000, 0.000, 0.000 
2020-01-03T11:18:04.036966, 2.9329, 2.9938, 2.9730, -1.0000, 28.70, -1.000, 0.000, 0.000 
2020-01-03T11:18:05.036573, 2.9325, 2.9938, 2.9725, -1.0000, 28.60, -1.000, 0.000, 0.000 
2020-01-03T11:18:06.037381, 2.9331, 2.9938, 2.9730, -1.0000, 28.70, -1.000, 0.000, 0.000 
2020-01-03T11:18:07.037221, 2.9326, 2.9938, 2.9725, -1.0000, 28.60, -1.000, 0.000, 0.000 
2020-01-03T11:18:08.038808, 2.9328, 2.9937, 2.9729, -1.0000, 28.70, -1.000, 0.000, 0.000 
2020-01-03T11:18:09.037962, 2.9335, 2.9938, 2.9739, -1.0000, 28.70, -1.000, 0.000, 0.000 
2020-01-03T11:18:10.037505, 2.9331, 2.9938, 2.9733, -1.0000, 28.70, -1.000, 0.000, 0.000 
2020-01-03T11:18:11.038441, 2.9327, 2.9939, 2.9727, -1.0000, 28.70, -1.000, 0.000, 0.000 
2020-01-03T11:18:12.039044, 2.9333, 2.9939, 2.9731, -1.0000, 28.70, -1.000, 0.000, 0.000 
2020-01-03T11:18:13.038149, 2.9327, 2.9936, 2.9732, -1.0000, 28.60, -1.000, 0.000, 0.000 
2020-01-03T11:18:14.037803, 2.9331, 2.9939, 2.9729, -1.0000, 28.70, -1.000, 0.000, 0.000 
2020-01-03T11:18:15.038764, 2.9331, 2.9939, 2.9727, -1.0000, 28.60, -1.000, 0.000, 0.000 
2020-01-03T11:18:16.037027, 2.9334, 2.9938, 2.9725, -1.0000, 28.60, -1.000, 0.000, 0.000 
2020-01-03T11:18:17.037883, 2.9323, 2.9939, 2.9729, -1.0000, 28.70, -1.000, 0.000, 0.000 
2020-01-03T11:18:18.038227, 2.9331, 2.9939, 2.9731, -1.0000, 28.60, -1.000, 0.000, 0.000 
2020-01-03T11:18:19.037673, 2.9329, 2.9938, 2.9735, -1.0000, 28.60, -1.000, 0.000, 0.000 
2020-01-03T11:18:20.038328, 2.9331, 2.9938, 2.9733, -1.0000, 28.60, -1.000, 0.000, 0.000 
2020-01-03T11:18:21.038949, 2.9328, 2.9938, 2.9733, -1.0000, 28.60, -1.000, 0.000, 0.000 
2020-01-03T11:18:22.037418, 2.9332, 2.9939, 2.9727, -1.0000, 28.60, -1.000, 0.000, 0.000 
2020-01-03T11:18:23.037412, 2.9332, 2.9938, 2.9726, -1.0000, 28.60, -1.000, 0.000, 0.000 
2020-01-03T11:18:24.037711, 2.9329, 2.9938, 2.9729, -1.0000, 28.60, -1.000, 0.000, 0.000 
2020-01-03T11:18:25.039556, 2.9320, 2.9939, 2.9731, -1.0000, 28.60, -1.000, 0.000, 0.000 
2020-01-03T11:18:26.038281, 2.9336, 2.9938, 2.9726, -1.0000, 28.60, -1.000, 0.000, 0.000 
2020-01-03T11:18:27.037635, 2.9329, 2.9938, 2.9727, -1.0000, 28.60, -1.000, 0.000, 0.000 
2020-01-03T11:18:28.038011, 2.9321, 2.9938, 2.9724, -1.0000, 28.60, -1.000, 0.000, 0.000 
2020-01-03T11:18:29.038392, 2.9323, 2.9938, 2.9728, -1.0000, 28.60, -1.000, 0.000, 0.000 
2020-01-03T11:18:30.037701, 2.9326, 2.9939, 2.9726, -1.0000, 28.60, -1.000, 0.000, 0.000 
2020-01-03T11:18:31.037740, 2.9324, 2.9938, 2.9727, -1.0000, 28.60, -1.000, 0.000, 0.000 
2020-01-03T11:18:32.039935, 2.9321, 2.9938, 2.9727, -1.0000, 28.60, -1.000, 0.000, 0.000 
2020-01-03T11:18:33.038656, 2.9322, 2.9939, 2.9731, -1.0000, 28.60, -1.000, 0.000, 0.000 
2020-01-03T11:18:34.039374, 2.9321, 2.9938, 2.9728, -1.0000, 28.60, -1.000, 0.000, 0.000 
2020-01-03T11:18:35.039941, 2.9315, 2.9938, 2.9725, -1.0000, 28.60, -1.000, 0.000, 0.000 
2020-01-03T11:18:36.039193, 2.9317, 2.9939, 2.9726, -1.0000, 28.60, -1.000, 0.000, 0.000 
2020-01-03T11:18:37.040457, 2.9316, 2.9938, 2.9724, -1.0000, 28.60, -1.000, 0.000, 0.000 
2020-01-03T11:18:38.039743, 2.9319, 2.9939, 2.9730, -1.0000, 28.60, -1.000, 0.000, 0.000 
2020-01-03T11:18:39.040762, 2.9314, 2.9939, 2.9730, -1.0000, 28.60, -1.000, 0.000, 0.000 
2020-01-03T11:18:40.039791, 2.9312, 2.9938, 2.9723, -1.0000, 28.60, -1.000, 0.000, 0.000 
2020-01-03T11:18:41.039084, 2.9316, 2.9939, 2.9727, -1.0000, 28.60, -1.000, 0.000, 0.000 
2020-01-03T11:18:42.039529, 2.9316, 2.9938, 2.9725, -1.0000, 28.60, -1.000, 0.000, 0.000 
2020-01-03T11:18:43.039556, 2.9316, 2.9938, 2.9725, -1.0000, 28.60, -1.000, 0.000, 0.000 
2020-01-03T11:18:44.040581, 2.9312, 2.9939, 2.9729, -1.0000, 28.60, -1.000, 0.000, 0.000 
2020-01-03T11:18:45.038595, 2.9315, 2.9938, 2.9734, -1.0000, 28.60, -1.000, 0.000, 0.000 
2020-01-03T11:18:46.039626, 2.9317, 2.9938, 2.9734, -1.0000, 28.60, -1.000, 0.000, 0.000 
2020-01-03T11:18:47.039516, 2.9312, 2.9938, 2.9730, -1.0000, 28.60, -1.000, 0.000, 0.000 
2020-01-03T11:18:48.038729, 2.9315, 2.9938, 2.9731, -1.0000, 28.60, -1.000, 0.000, 0.000 
2020-01-03T11:18:49.040307, 2.9312, 2.9939, 2.9731, -1.0000, 28.60, -1.000, 0.000, 0.000 
2020-01-03T11:18:50.038882, 2.9316, 2.9938, 2.9724, -1.0000, 28.60, -1.000, 0.000, 0.000 
2020-01-03T11:18:51.040711, 2.9310, 2.9938, 2.9729, -1.0000, 28.60, -1.000, 0.000, 0.000 
2020-01-03T11:18:52.039310, 2.9311, 2.9938, 2.9729, -1.0000, 28.60, -1.000, 0.000, 0.000 
2020-01-03T11:18:53.040095, 2.9312, 2.9939, 2.9728, -1.0000, 28.60, -1.000, 0.000, 0.000 
2020-01-03T11:18:54.040889, 2.9312, 2.9937, 2.9729, -1.0000, 28.60, -1.000, 0.000, 0.000 
2020-01-03T11:18:55.040959, 2.9315, 2.9938, 2.9730, -1.0000, 28.60, -1.000, 0.000, 0.000 
2020-01-03T11:18:56.041128, 2.9317, 2.9938, 2.9735, -1.0000, 28.60, -1.000, 0.000, 0.000 
2020-01-03T11:18:57.041335, 2.9314, 2.9938, 2.9738, -1.0000, 28.60, -1.000, 0.000, 0.000 
2020-01-03T11:18:58.039363, 2.9312, 2.9938, 2.9734, -1.0000, 28.60, -1.000, 0.000, 0.000 
2020-01-03T11:18:59.041328, 2.9317, 2.9938, 2.9734, -1.0000, 28.60, -1.000, 0.000, 0.000 
2020-01-03T11:19:00.040042, 2.9314, 2.9939, 2.9732, -1.0000, 28.60, -1.000, 0.000, 0.000 
2020-01-03T11:19:01.041280, 2.9318, 2.9938, 2.9732, -1.0000, 28.60, -1.000, 0.000, 0.000 
2020-01-03T11:19:02.041560, 2.9321, 2.9938, 2.9729, -1.0000, 28.60, -1.000, 0.000, 0.000 
2020-01-03T11:19:03.040543, 2.9314, 2.9938, 2.9729, -1.0000, 28.60, -1.000, 0.000, 0.000 
2020-01-03T11:19:04.040532, 2.9317, 2.9939, 2.9730, -1.0000, 28.60, -1.000, 0.000, 0.000 
2020-01-03T11:19:05.041918, 2.9312, 2.9939, 2.9731, -1.0000, 28.60, -1.000, 0.000, 0.000 
2020-01-03T11:19:06.040945, 2.9321, 2.9938, 2.9732, -1.0000, 28.60, -1.000, 0.000, 0.000 
2020-01-03T11:19:07.041127, 2.9322, 2.9938, 2.9732, -1.0000, 28.60, -1.000, 0.000, 0.000 
2020-01-03T11:19:08.040742, 2.9320, 2.9939, 2.9725, -1.0000, 28.60, -1.000, 0.000, 0.000 
2020-01-03T11:19:09.040552, 2.9318, 2.9938, 2.9727, -1.0000, 28.60, -1.000, 0.000, 0.000 
2020-01-03T11:19:10.039713, 2.9317, 2.9939, 2.9734, -1.0000, 28.60, -1.000, 0.000, 0.000 
2020-01-03T11:19:11.041118, 2.9318, 2.9939, 2.9734, -1.0000, 28.60, -1.000, 0.000, 0.000 
2020-01-03T11:19:12.042047, 2.9320, 2.9939, 2.9729, -1.0000, 28.60, -1.000, 0.000, 0.000 
2020-01-03T11:19:13.039996, 2.9315, 2.9939, 2.9728, -1.0000, 28.60, -1.000, 0.000, 0.000 
2020-01-03T11:19:14.040806, 2.9321, 2.9937, 2.9734, -1.0000, 28.60, -1.000, 0.000, 0.000 
2020-01-03T11:19:15.041349, 2.9323, 2.9938, 2.9731, -1.0000, 28.60, -1.000, 0.000, 0.000 
2020-01-03T11:19:16.039895, 2.9327, 2.9938, 2.9729, -1.0000, 28.60, -1.000, 0.000, 0.000 
2020-01-03T11:19:17.040943, 2.9322, 2.9939, 2.9732, -1.0000, 28.60, -1.000, 0.000, 0.000 
2020-01-03T11:19:18.040324, 2.9317, 2.9938, 2.9729, -1.0000, 28.60, -1.000, 0.000, 0.000 
2020-01-03T11:19:19.042087, 2.9320, 2.9939, 2.9728, -1.0000, 28.60, -1.000, 0.000, 0.000 
2020-01-03T11:19:20.042161, 2.9323, 2.9939, 2.9734, -1.0000, 28.60, -1.000, 0.000, 0.000 
2020-01-03T11:19:21.040687, 2.9333, 2.9938, 2.9738, -1.0000, 28.60, -1.000, 0.000, 0.000 
2020-01-03T11:19:22.040292, 2.9328, 2.9938, 2.9736, -1.0000, 28.60, -1.000, 0.000, 0.000 
2020-01-03T11:19:23.040464, 2.9323, 2.9938, 2.9734, -1.0000, 28.60, -1.000, 0.000, 0.000 
2020-01-03T11:19:24.042253, 2.9325, 2.9938, 2.9730, -1.0000, 28.60, -1.000, 0.000, 0.000 
2020-01-03T11:19:25.040531, 2.9324, 2.9938, 2.9740, -1.0000, 28.60, -1.000, 0.000, 0.000 
2020-01-03T11:19:26.042490, 2.9321, 2.9938, 2.9740, -1.0000, 28.60, -1.000, 0.000, 0.000 
2020-01-03T11:19:27.041908, 2.9331, 2.9939, 2.9736, -1.0000, 28.60, -1.000, 0.000, 0.000 
2020-01-03T11:19:28.041247, 2.9329, 2.9938, 2.9739, -1.0000, 28.60, -1.000, 0.000, 0.000 
2020-01-03T11:19:29.042521, 2.9324, 2.9938, 2.9740, -1.0000, 28.60, -1.000, 0.000, 0.000 
2020-01-03T11:19:30.041356, 2.9331, 2.9938, 2.9737, -1.0000, 28.60, -1.000, 0.000, 0.000 
2020-01-03T11:19:31.041970, 2.9323, 2.9938, 2.9728, -1.0000, 28.60, -1.000, 0.000, 0.000 
2020-01-03T11:19:32.041589, 2.9325, 2.9938, 2.9737, -1.0000, 28.60, -1.000, 0.000, 0.000 
2020-01-03T11:19:33.040689, 2.9323, 2.9938, 2.9740, -1.0000, 28.60, -1.000, 0.000, 0.000 
2020-01-03T11:19:34.040733, 2.9323, 2.9939, 2.9734, -1.0000, 28.60, -1.000, 0.000, 0.000 
2020-01-03T11:19:35.041547, 2.9320, 2.9938, 2.9737, -1.0000, 28.60, -1.000, 0.000, 0.000 
2020-01-03T11:19:36.041069, 2.9325, 2.9938, 2.9733, -1.0000, 28.60, -1.000, 0.000, 0.000 
2020-01-03T11:19:37.042554, 2.9320, 2.9939, 2.9737, -1.0000, 28.60, -1.000, 0.000, 0.000 
2020-01-03T11:19:38.041689, 2.9323, 2.9939, 2.9736, -1.0000, 28.60, -1.000, 0.000, 0.000 
2020-01-03T11:19:39.043196, 2.9322, 2.9939, 2.9735, -1.0000, 28.60, -1.000, 0.000, 0.000 
2020-01-03T11:19:40.041320, 2.9319, 2.9939, 2.9738, -1.0000, 28.60, -1.000, 0.000, 0.000 
2020-01-03T11:19:41.043286, 2.9315, 2.9938, 2.9736, -1.0000, 28.60, -1.000, 0.000, 0.000 
2020-01-03T11:19:42.042935, 2.9322, 2.9938, 2.9740, -1.0000, 28.60, -1.000, 0.000, 0.000 
2020-01-03T11:19:43.041220, 2.9320, 2.9939, 2.9735, -1.0000, 28.60, -1.000, 0.000, 0.000 
2020-01-03T11:19:44.041845, 2.9320, 2.9939, 2.9738, -1.0000, 28.50, -1.000, 0.000, 0.000 
2020-01-03T11:19:45.043327, 2.9311, 2.9939, 2.9734, -1.0000, 28.50, -1.000, 0.000, 0.000 
2020-01-03T11:19:46.043416, 2.9310, 2.9939, 2.9730, -1.0000, 28.60, -1.000, 0.000, 0.000 
2020-01-03T11:19:47.042584, 2.9313, 2.9937, 2.9721, -1.0000, 28.60, -1.000, 0.000, 0.000 
2020-01-03T11:19:48.041811, 2.9315, 2.9938, 2.9718, -1.0000, 28.50, -1.000, 0.000, 0.000 
2020-01-03T11:19:49.043747, 2.9316, 2.9939, 2.9724, -1.0000, 28.50, -1.000, 0.000, 0.000 
2020-01-03T11:19:50.041945, 2.9316, 2.9938, 2.9736, -1.0000, 28.50, -1.000, 0.000, 0.000 
2020-01-03T11:19:51.043882, 2.9312, 2.9938, 2.9731, -1.0000, 28.60, -1.000, 0.000, 0.000 
2020-01-03T11:19:52.043582, 2.9317, 2.9938, 2.9741, -1.0000, 28.60, -1.000, 0.000, 0.000 
2020-01-03T11:19:53.043114, 2.9315, 2.9938, 2.9745, -1.0000, 28.60, -1.000, 0.000, 0.000 
2020-01-03T11:19:54.043553, 2.9322, 2.9937, 2.9743, -1.0000, 28.60, -1.000, 0.000, 0.000 
2020-01-03T11:19:55.044049, 2.9320, 2.9939, 2.9734, -1.0000, 28.50, -1.000, 0.000, 0.000 
2020-01-03T11:19:56.043332, 2.9322, 2.9939, 2.9730, -1.0000, 28.50, -1.000, 0.000, 0.000 
2020-01-03T11:19:57.043997, 2.9321, 2.9939, 2.9746, -1.0000, 28.50, -1.000, 0.000, 0.000 
2020-01-03T11:19:58.043674, 2.9323, 2.9939, 2.9741, -1.0000, 28.60, -1.000, 0.000, 0.000 
2020-01-03T11:19:59.043658, 2.9321, 2.9939, 2.9734, -1.0000, 28.50, -1.000, 0.000, 0.000 
2020-01-03T11:20:00.042884, 2.9322, 2.9938, 2.9734, -1.0000, 28.50, -1.000, 0.000, 0.000 
2020-01-03T11:20:01.043201, 2.9321, 2.9938, 2.9727, -1.0000, 28.50, -1.000, 0.000, 0.000 
2020-01-03T11:20:02.042513, 2.9326, 2.9938, 2.9727, -1.0000, 28.50, -1.000, 0.000, 0.000 
2020-01-03T11:20:03.043175, 2.9330, 2.9939, 2.9732, -1.0000, 28.50, -1.000, 0.000, 0.000 
2020-01-03T11:20:04.043672, 2.9323, 2.9939, 2.9732, -1.0000, 28.50, -1.000, 0.000, 0.000 
2020-01-03T11:20:05.042590, 2.9322, 2.9937, 2.9732, -1.0000, 28.50, -1.000, 0.000, 0.000 
2020-01-03T11:20:06.042671, 2.9326, 2.9938, 2.9734, -1.0000, 28.50, -1.000, 0.000, 0.000 
2020-01-03T11:20:07.042500, 2.9321, 2.9938, 2.9738, -1.0000, 28.50, -1.000, 0.000, 0.000 
2020-01-03T11:20:08.042520, 2.9324, 2.9939, 2.9732, -1.0000, 28.50, -1.000, 0.000, 0.000 
2020-01-03T11:20:09.043026, 2.9326, 2.9938, 2.9735, -1.0000, 28.50, -1.000, 0.000, 0.000 
2020-01-03T11:20:10.044165, 2.9330, 2.9938, 2.9731, -1.0000, 28.50, -1.000, 0.000, 0.000 
2020-01-03T11:20:11.042480, 2.9329, 2.9938, 2.9728, -1.0000, 28.50, -1.000, 0.000, 0.000 
2020-01-03T11:20:12.043198, 2.9323, 2.9939, 2.9727, -1.0000, 28.50, -1.000, 0.000, 0.000 
2020-01-03T11:20:13.042692, 2.9324, 2.9938, 2.9727, -1.0000, 28.50, -1.000, 0.000, 0.000 
2020-01-03T11:20:14.044057, 2.9327, 2.9938, 2.9738, -1.0000, 28.50, -1.000, 0.000, 0.000 
2020-01-03T11:20:15.044837, 2.9327, 2.9938, 2.9732, -1.0000, 28.50, -1.000, 0.000, 0.000 
2020-01-03T11:20:16.044248, 2.9328, 2.9939, 2.9738, -1.0000, 28.50, -1.000, 0.000, 0.000 
2020-01-03T11:20:17.042977, 2.9318, 2.9939, 2.9738, -1.0000, 28.50, -1.000, 0.000, 0.000 
2020-01-03T11:20:18.044948, 2.9330, 2.9939, 2.9733, -1.0000, 28.50, -1.000, 0.000, 0.000 
2020-01-03T11:20:19.043189, 2.9321, 2.9938, 2.9731, -1.0000, 28.50, -1.000, 0.000, 0.000 
2020-01-03T11:20:20.043729, 2.9325, 2.9939, 2.9728, -1.0000, 28.50, -1.000, 0.000, 0.000 
2020-01-03T11:20:21.044455, 2.9322, 2.9938, 2.9727, -1.0000, 28.50, -1.000, 0.000, 0.000 
2020-01-03T11:20:22.044041, 2.9324, 2.9938, 2.9737, -1.0000, 28.50, -1.000, 0.000, 0.000 
2020-01-03T11:20:23.045003, 2.9320, 2.9938, 2.9743, -1.0000, 28.50, -1.000, 0.000, 0.000 
2020-01-03T11:20:24.044464, 2.9320, 2.9938, 2.9745, -1.0000, 28.50, -1.000, 0.000, 0.000 
2020-01-03T11:20:25.043407, 2.9321, 2.9939, 2.9733, -1.0000, 28.50, -1.000, 0.000, 0.000 
2020-01-03T11:20:26.045219, 2.9329, 2.9939, 2.9738, -1.0000, 28.50, -1.000, 0.000, 0.000 
2020-01-03T11:20:27.045157, 2.9319, 2.9938, 2.9741, -1.0000, 28.50, -1.000, 0.000, 0.000 
2020-01-03T11:20:28.043593, 2.9312, 2.9939, 2.9740, -1.0000, 28.50, -1.000, 0.000, 0.000 
2020-01-03T11:20:29.043469, 2.9316, 2.9938, 2.9734, -1.0000, 28.50, -1.000, 0.000, 0.000 
2020-01-03T11:20:30.045997, 2.9315, 2.9938, 2.9730, -1.0000, 28.50, -1.000, 0.000, 0.000 
2020-01-03T11:20:31.043503, 2.9319, 2.9938, 2.9728, -1.0000, 28.50, -1.000, 0.000, 0.000 
2020-01-03T11:20:32.045456, 2.9313, 2.9939, 2.9732, -1.0000, 28.50, -1.000, 0.000, 0.000 
2020-01-03T11:20:33.043939, 2.9309, 2.9938, 2.9723, -1.0000, 28.50, -1.000, 0.000, 0.000 
2020-01-03T11:20:34.045441, 2.9311, 2.9938, 2.9725, -1.0000, 28.50, -1.000, 0.000, 0.000 
2020-01-03T11:20:35.043685, 2.9310, 2.9939, 2.9727, -1.0000, 28.50, -1.000, 0.000, 0.000 
2020-01-03T11:20:36.045919, 2.9308, 2.9938, 2.9729, -1.0000, 28.50, -1.000, 0.000, 0.000 
2020-01-03T11:20:37.045549, 2.9313, 2.9938, 2.9732, -1.0000, 28.50, -1.000, 0.000, 0.000 
2020-01-03T11:20:38.045743, 2.9315, 2.9938, 2.9736, -1.0000, 28.50, -1.000, 0.000, 0.000 
2020-01-03T11:20:39.046063, 2.9316, 2.9938, 2.9724, -1.0000, 28.50, -1.000, 0.000, 0.000 
2020-01-03T11:20:40.045560, 2.9314, 2.9938, 2.9736, -1.0000, 28.50, -1.000, 0.000, 0.000 
